sample_id,n_products,products,all_same_crs_as_label,single_30m_grid,label_pixel_m,offset_x_mod30_m,offset_y_mod30_m,rebuilt_3m_mask_equals_binary_masks
SID03,1,OPERA_L3_DSWx-S1_T03VWK_20220710T171844Z_20260303T181841Z_S1A_30_v1.0_B02_BWTR.tif,True,True,3.0,3.0,0.0,True
SID04,1,OPERA_L3_DSWx-S1_T48PYS_20220305T223731Z_20260303T180705Z_S1A_30_v1.0_B02_BWTR.tif,True,True,3.0,12.0,21.0,True
SID05,1,OPERA_L3_DSWx-S1_T34VEN_20220809T045909Z_20260303T182926Z_S1A_30_v1.0_B02_BWTR.tif,True,True,3.0,27.0,9.0,True
SID06,2,OPERA_L3_DSWx-S1_T35WNQ_20220629T044826Z_20260303T183631Z_S1A_30_v1.0_B02_BWTR.tif;OPERA_L3_DSWx-S1_T35WNP_20220629T044855Z_20260303T182754Z_S1A_30_v1.0_B02_BWTR.tif,True,True,3.0,9.0;9.0,12.0;12.0,True
SID14,1,OPERA_L3_DSWx-S1_T21KVA_20220331T091839Z_20260303T181731Z_S1A_30_v1.0_B02_BWTR.tif,True,True,3.0,12.0,11.0,True
SID15,1,OPERA_L3_DSWx-S1_T16QCF_20220224T235926Z_20260303T183459Z_S1A_30_v1.0_B02_BWTR.tif,True,True,3.0,9.0,21.0,True
SID17,6,OPERA_L3_DSWx-S1_T30TUK_20220219T061804Z_20260407T001333Z_S1A_30_v1.0_B02_BWTR.tif;OPERA_L3_DSWx-S1_T30TVK_20220219T061804Z_20260407T001333Z_S1A_30_v1.0_B02_BWTR.tif;OPERA_L3_DSWx-S1_T30TUK_20220219T061811Z_20260303T181816Z_S1A_30_v1.0_B02_BWTR.tif;OPERA_L3_DSWx-S1_T30TVK_20220219T061811Z_20260303T181816Z_S1A_30_v1.0_B02_BWTR.tif;OPERA_L3_DSWx-S1_T30TUK_20220219T061827Z_20260303T182903Z_S1A_30_v1.0_B02_BWTR.tif;OPERA_L3_DSWx-S1_T30TVK_20220219T061827Z_20260303T182903Z_S1A_30_v1.0_B02_BWTR.tif,True,True,3.0,27.0;27.0;27.0;27.0;27.0;27.0,3.0;3.0;3.0;3.0;3.0;3.0,True
SID18,2,OPERA_L3_DSWx-S1_T54HUH_20220320T195644Z_20260303T181511Z_S1A_30_v1.0_B02_BWTR.tif;OPERA_L3_DSWx-S1_T54HUH_20220320T195711Z_20260303T181930Z_S1A_30_v1.0_B02_BWTR.tif,True,True,3.0,9.0;9.0,8.0;8.0,True
SID21,1,OPERA_L3_DSWx-S1_T19KDB_20211026T100738Z_20260303T181909Z_S1B_30_v1.0_B02_BWTR.tif,True,True,3.029296875,18.0,26.0,True
SID22,3,OPERA_L3_DSWx-S1_T49SBR_20211221T104459Z_20260303T180544Z_S1A_30_v1.0_B02_BWTR.tif;OPERA_L3_DSWx-S1_T49SBS_20211221T104517Z_20260303T180637Z_S1A_30_v1.0_B02_BWTR.tif;OPERA_L3_DSWx-S1_T49SBS_20211221T104524Z_20260303T182747Z_S1A_30_v1.0_B02_BWTR.tif,True,True,3.0,27.0;27.0;27.0,6.0;6.0;6.0,True
SID23,6,OPERA_L3_DSWx-S1_T35TLL_20220322T042953Z_20260310T182544Z_S1A_30_v1.0_B02_BWTR.tif;OPERA_L3_DSWx-S1_T35TML_20220322T042953Z_20260310T182544Z_S1A_30_v1.0_B02_BWTR.tif;OPERA_L3_DSWx-S1_T35TLL_20220322T043007Z_20260303T182328Z_S1A_30_v1.0_B02_BWTR.tif;OPERA_L3_DSWx-S1_T35TML_20220322T043007Z_20260303T182328Z_S1A_30_v1.0_B02_BWTR.tif;OPERA_L3_DSWx-S1_T35TLL_20220322T043009Z_20260303T183826Z_S1A_30_v1.0_B02_BWTR.tif;OPERA_L3_DSWx-S1_T35TML_20220322T043009Z_20260303T183826Z_S1A_30_v1.0_B02_BWTR.tif,True,True,3.0,24.0;24.0;24.0;24.0;24.0;24.0,15.0;15.0;15.0;15.0;15.0;15.0,True
SID25,6,OPERA_L3_DSWx-S1_T14SQE_20220319T002004Z_20260303T181534Z_S1A_30_v1.0_B02_BWTR.tif;OPERA_L3_DSWx-S1_T15STV_20220319T002004Z_20260303T181534Z_S1A_30_v1.0_B02_BWTR.tif;OPERA_L3_DSWx-S1_T14SQE_20220319T002008Z_20260303T183313Z_S1A_30_v1.0_B02_BWTR.tif;OPERA_L3_DSWx-S1_T15STV_20220319T002008Z_20260303T183313Z_S1A_30_v1.0_B02_BWTR.tif;OPERA_L3_DSWx-S1_T14SQF_20220319T002039Z_20260303T182158Z_S1A_30_v1.0_B02_BWTR.tif;OPERA_L3_DSWx-S1_T15STA_20220319T002039Z_20260303T182158Z_S1A_30_v1.0_B02_BWTR.tif,False,False,3.0,15.0;None;15.0;None;15.0;None,0.0;None;0.0;None;0.0;None,True
SID26,4,OPERA_L3_DSWx-S1_T37SGD_20220106T150958Z_20260303T181227Z_S1A_30_v1.0_B02_BWTR.tif;OPERA_L3_DSWx-S1_T38SKJ_20220106T150958Z_20260303T181227Z_S1A_30_v1.0_B02_BWTR.tif;OPERA_L3_DSWx-S1_T37TGE_20220106T151045Z_20260303T181551Z_S1A_30_v1.0_B02_BWTR.tif;OPERA_L3_DSWx-S1_T38TKK_20220106T151045Z_20260303T181551Z_S1A_30_v1.0_B02_BWTR.tif,False,False,3.0,15.0;None;15.0;None,27.0;None;27.0;None,True
SID27,3,OPERA_L3_DSWx-S1_T14QQE_20220322T003956Z_20260303T182124Z_S1A_30_v1.0_B02_BWTR.tif;OPERA_L3_DSWx-S1_T14QQF_20220322T004023Z_20260303T183245Z_S1A_30_v1.0_B02_BWTR.tif;OPERA_L3_DSWx-S1_T14QQF_20220322T004042Z_20260303T183127Z_S1A_30_v1.0_B02_BWTR.tif,True,True,3.0,0.0;0.0;0.0,27.0;27.0;27.0,True
SID28,2,OPERA_L3_DSWx-S1_T43SBT_20220317T010753Z_20260303T181905Z_S1A_30_v1.0_B02_BWTR.tif;OPERA_L3_DSWx-S1_T43SCT_20220317T010753Z_20260303T181905Z_S1A_30_v1.0_B02_BWTR.tif,True,True,3.0,27.0;27.0,6.0;6.0,True
SID31,1,OPERA_L3_DSWx-S1_T55JFK_20220317T193043Z_20260303T181420Z_S1A_30_v1.0_B02_BWTR.tif,True,True,3.0,15.0,20.0,True
SID33,1,OPERA_L3_DSWx-S1_T54MVA_20211217T201354Z_20260303T181254Z_S1A_30_v1.0_B02_BWTR.tif,True,True,3.0,3.0,11.0,True
SID36,1,OPERA_L3_DSWx-S1_T59WMM_20220901T190524Z_20260303T181959Z_S1A_30_v1.0_B02_BWTR.tif,True,True,3.0,18.0,3.0,True
SID37,1,OPERA_L3_DSWx-S1_T18FXK_20220318T235647Z_20260303T181151Z_S1A_30_v1.0_B02_BWTR.tif,True,True,3.0,18.0,14.0,True
SID39,1,OPERA_L3_DSWx-S1_T11VNJ_20220821T012549Z_20260303T183304Z_S1A_30_v1.0_B02_BWTR.tif,True,True,3.0,12.0,27.0,True
SID40,1,OPERA_L3_DSWx-S1_T21NZG_20211012T215229Z_20260303T180649Z_S1A_30_v1.0_B02_BWTR.tif,True,True,3.0,9.0,12.0,True
SID44,1,OPERA_L3_DSWx-S1_T37PDQ_20220531T031639Z_20260303T183409Z_S1A_30_v1.0_B02_BWTR.tif,True,True,3.0,27.0,6.0,True
SID46,1,OPERA_L3_DSWx-S1_T48QXH_20220502T225127Z_20260303T181413Z_S1A_30_v1.0_B02_BWTR.tif,True,True,3.0,21.0,24.0,True
SID50,6,OPERA_L3_DSWx-S1_T29SQD_20220611T182728Z_20260303T181800Z_S1A_30_v1.0_B02_BWTR.tif;OPERA_L3_DSWx-S1_T30STJ_20220611T182728Z_20260303T181800Z_S1A_30_v1.0_B02_BWTR.tif;OPERA_L3_DSWx-S1_T29SQD_20220611T182730Z_20260303T180852Z_S1A_30_v1.0_B02_BWTR.tif;OPERA_L3_DSWx-S1_T30STJ_20220611T182730Z_20260303T180852Z_S1A_30_v1.0_B02_BWTR.tif;OPERA_L3_DSWx-S1_T29TQE_20220611T182821Z_20260303T180852Z_S1A_30_v1.0_B02_BWTR.tif;OPERA_L3_DSWx-S1_T30TTK_20220611T182821Z_20260303T180852Z_S1A_30_v1.0_B02_BWTR.tif,False,False,3.0,12.0;None;12.0;None;12.0;None,15.0;None;15.0;None;15.0;None,True
SID51,1,OPERA_L3_DSWx-S1_T30TUM_20220612T062614Z_20260303T181543Z_S1A_30_v1.0_B02_BWTR.tif,True,True,3.0,15.0,18.0,True
SID52,4,OPERA_L3_DSWx-S1_T29SQD_20220611T182728Z_20260303T181800Z_S1A_30_v1.0_B02_BWTR.tif;OPERA_L3_DSWx-S1_T30STJ_20220611T182728Z_20260303T181800Z_S1A_30_v1.0_B02_BWTR.tif;OPERA_L3_DSWx-S1_T29SQD_20220611T182730Z_20260303T180852Z_S1A_30_v1.0_B02_BWTR.tif;OPERA_L3_DSWx-S1_T30STJ_20220611T182730Z_20260303T180852Z_S1A_30_v1.0_B02_BWTR.tif,False,False,3.0,24.0;None;24.0;None,0.0;None;0.0;None,True
SID53,2,OPERA_L3_DSWx-S1_T42QUM_20220607T012624Z_20260407T004224Z_S1A_30_v1.0_B02_BWTR.tif;OPERA_L3_DSWx-S1_T42QUM_20220607T012655Z_20260303T181944Z_S1A_30_v1.0_B02_BWTR.tif,True,True,3.0,18.0;18.0,0.0;0.0,True
SID55,1,OPERA_L3_DSWx-S1_T42QUM_20220604T133538Z_20260303T183132Z_S1A_30_v1.0_B02_BWTR.tif,True,True,3.0,0.0,6.0,True
SID59,1,OPERA_L3_DSWx-S1_T11SQS_20220613T134453Z_20260303T183449Z_S1A_30_v1.0_B02_BWTR.tif,True,True,3.0,21.0,24.0,True
SID61,2,OPERA_L3_DSWx-S1_T35VNJ_20220607T043325Z_20260303T181113Z_S1A_30_v1.0_B02_BWTR.tif;OPERA_L3_DSWx-S1_T35VNJ_20220607T043402Z_20260303T182722Z_S1A_30_v1.0_B02_BWTR.tif,True,True,3.0,27.0;27.0,0.0;0.0,True
SID63,2,OPERA_L3_DSWx-S1_T35VNK_20220607T043325Z_20260303T181113Z_S1A_30_v1.0_B02_BWTR.tif;OPERA_L3_DSWx-S1_T35VNK_20220607T043402Z_20260303T182722Z_S1A_30_v1.0_B02_BWTR.tif,True,True,3.0,27.0;27.0,24.0;24.0,True
SID64,2,OPERA_L3_DSWx-S1_T45VXC_20220527T002021Z_20260303T181748Z_S1A_30_v1.0_B02_BWTR.tif;OPERA_L3_DSWx-S1_T46VCH_20220527T002021Z_20260303T181748Z_S1A_30_v1.0_B02_BWTR.tif,False,False,3.0,None;27.0,None;21.0,True
SID65,2,OPERA_L3_DSWx-S1_T32TMS_20220825T171540Z_20260303T181202Z_S1A_30_v1.0_B02_BWTR.tif;OPERA_L3_DSWx-S1_T32TMS_20220825T171551Z_20260303T183340Z_S1A_30_v1.0_B02_BWTR.tif,True,True,3.0,3.0;3.0,27.0;27.0,True
SID67,2,OPERA_L3_DSWx-S1_T10TEL_20220616T020835Z_20260303T181319Z_S1A_30_v1.0_B02_BWTR.tif;OPERA_L3_DSWx-S1_T10TEL_20220616T020857Z_20260303T181447Z_S1A_30_v1.0_B02_BWTR.tif,True,True,3.0,3.0;3.0,15.0;15.0,True
SID68,2,OPERA_L3_DSWx-S1_T33TVM_20220518T165047Z_20260303T182546Z_S1A_30_v1.0_B02_BWTR.tif;OPERA_L3_DSWx-S1_T33TVM_20220518T165053Z_20260303T183320Z_S1A_30_v1.0_B02_BWTR.tif,True,True,3.0,0.0;0.0,24.0;24.0,True
SID69,2,OPERA_L3_DSWx-S1_T09WWT_20210829T015204Z_20260310T183051Z_S1A_30_v1.0_B02_BWTR.tif;OPERA_L3_DSWx-S1_T09WWT_20210829T015225Z_20260310T190057Z_S1A_30_v1.0_B02_BWTR.tif,True,True,3.0,21.0;21.0,3.0;3.0,True
SID72,1,OPERA_L3_DSWx-S1_T15WVM_20210905T235500Z_20260310T180534Z_S1B_30_v1.0_B02_BWTR.tif,True,True,3.0,24.0,15.0,True
SID78,2,OPERA_L3_DSWx-S1_T15RYP_20220426T000240Z_20260303T181426Z_S1A_30_v1.0_B02_BWTR.tif;OPERA_L3_DSWx-S1_T16RBU_20220426T000240Z_20260303T181426Z_S1A_30_v1.0_B02_BWTR.tif,False,False,3.0,None;6.0,None;0.0,True
SID79,2,OPERA_L3_DSWx-S1_T39SVR_20220616T023829Z_20260407T010538Z_S1A_30_v1.0_B02_BWTR.tif;OPERA_L3_DSWx-S1_T39SVR_20220616T023836Z_20260303T181031Z_S1A_30_v1.0_B02_BWTR.tif,True,True,3.0,18.0;18.0,18.0;18.0,True
SID80,2,OPERA_L3_DSWx-S1_T47NRD_20210922T112553Z_20260303T183040Z_S1A_30_v1.0_B02_BWTR.tif;OPERA_L3_DSWx-S1_T48NTJ_20210922T112553Z_20260303T183040Z_S1A_30_v1.0_B02_BWTR.tif,False,False,3.0,None;21.0,None;15.0,True
SID81,1,OPERA_L3_DSWx-S1_T22LCR_20220618T090822Z_20260303T182116Z_S1A_30_v1.0_B02_BWTR.tif,True,True,3.0,3.0,8.0,True
SID83,2,OPERA_L3_DSWx-S1_T48PWC_20220505T110510Z_20260303T181316Z_S1A_30_v1.0_B02_BWTR.tif;OPERA_L3_DSWx-S1_T48PWC_20220505T110514Z_20260303T182944Z_S1A_30_v1.0_B02_BWTR.tif,True,True,3.0,9.0;9.0,0.0;0.0,True
SID85,1,OPERA_L3_DSWx-S1_T13QFC_20220609T124228Z_20260303T182424Z_S1A_30_v1.0_B02_BWTR.tif,True,True,3.0,15.0,6.0,True
SID87,1,OPERA_L3_DSWx-S1_T16PCB_20220513T000644Z_20260303T181455Z_S1A_30_v1.0_B02_BWTR.tif,True,True,3.0,3.0,3.0,True
SID89,1,OPERA_L3_DSWx-S1_T43RFQ_20220615T125634Z_20260303T180740Z_S1A_30_v1.0_B02_BWTR.tif,True,True,3.0,27.0,21.0,True
SID90,3,OPERA_L3_DSWx-S1_T44RNT_20220613T003543Z_20260303T180908Z_S1A_30_v1.0_B02_BWTR.tif;OPERA_L3_DSWx-S1_T44RNS_20220613T003615Z_20260303T180824Z_S1A_30_v1.0_B02_BWTR.tif;OPERA_L3_DSWx-S1_T44RNS_20220613T003634Z_20260303T180636Z_S1A_30_v1.0_B02_BWTR.tif,True,True,3.0,18.0;18.0;18.0,15.0;15.0;15.0,True
SID91,8,OPERA_L3_DSWx-S1_T14RLR_20231218T004323Z_20260303T182734Z_S1A_30_v1.0_B02_BWTR.tif;OPERA_L3_DSWx-S1_T14RLS_20231218T004323Z_20260303T182734Z_S1A_30_v1.0_B02_BWTR.tif;OPERA_L3_DSWx-S1_T14RMR_20231218T004323Z_20260303T182734Z_S1A_30_v1.0_B02_BWTR.tif;OPERA_L3_DSWx-S1_T14RMS_20231218T004323Z_20260303T182734Z_S1A_30_v1.0_B02_BWTR.tif;OPERA_L3_DSWx-S1_T14RLR_20231218T004326Z_20260303T180948Z_S1A_30_v1.0_B02_BWTR.tif;OPERA_L3_DSWx-S1_T14RLS_20231218T004326Z_20260303T180948Z_S1A_30_v1.0_B02_BWTR.tif;OPERA_L3_DSWx-S1_T14RMR_20231218T004326Z_20260303T180948Z_S1A_30_v1.0_B02_BWTR.tif;OPERA_L3_DSWx-S1_T14RMS_20231218T004326Z_20260303T180948Z_S1A_30_v1.0_B02_BWTR.tif,True,True,3.0,3.0;3.0;3.0;3.0;3.0;3.0;3.0;3.0,21.0;21.0;21.0;21.0;21.0;21.0;21.0;21.0,True
SID92,4,OPERA_L3_DSWx-S1_T12SVG_20231219T132726Z_20260303T181723Z_S1A_30_v1.0_B02_BWTR.tif;OPERA_L3_DSWx-S1_T12SWG_20231219T132726Z_20260303T181723Z_S1A_30_v1.0_B02_BWTR.tif;OPERA_L3_DSWx-S1_T12SVG_20231219T132729Z_20260303T181207Z_S1A_30_v1.0_B02_BWTR.tif;OPERA_L3_DSWx-S1_T12SWG_20231219T132729Z_20260303T181207Z_S1A_30_v1.0_B02_BWTR.tif,True,True,3.0,24.0;24.0;24.0;24.0,24.0;24.0;24.0;24.0,True
SID93,1,OPERA_L3_DSWx-S1_T19KDR_20231220T231531Z_20260303T181411Z_S1A_30_v1.0_B02_BWTR.tif,True,True,3.0,15.0,5.0,True
SID97,5,OPERA_L3_DSWx-S1_T41TLG_20231224T020302Z_20260303T181514Z_S1A_30_v1.0_B02_BWTR.tif;OPERA_L3_DSWx-S1_T41TLG_20231224T020318Z_20260303T180424Z_S1A_30_v1.0_B02_BWTR.tif;OPERA_L3_DSWx-S1_T41TLF_20231224T020321Z_20260303T183346Z_S1A_30_v1.0_B02_BWTR.tif;OPERA_L3_DSWx-S1_T41TLF_20231224T020329Z_20260303T184023Z_S1A_30_v1.0_B02_BWTR.tif;OPERA_L3_DSWx-S1_T41TLF_20231224T020348Z_20260303T182441Z_S1A_30_v1.0_B02_BWTR.tif,True,True,3.0,3.0;3.0;3.0;3.0;3.0,6.0;6.0;6.0;6.0;6.0,True
SID98,1,OPERA_L3_DSWx-S1_T41TML_20230623T134127Z_20260303T180355Z_S1A_30_v1.0_B02_BWTR.tif,True,True,3.0,15.0,18.0,True
SID99,1,OPERA_L3_DSWx-S1_T45TVF_20230827T120944Z_20260303T180828Z_S1A_30_v1.0_B02_BWTR.tif,True,True,3.0,15.0,9.0,True
SID100,2,OPERA_L3_DSWx-S1_T18LUM_20221112T232630Z_20260303T181047Z_S1A_30_v1.0_B02_BWTR.tif;OPERA_L3_DSWx-S1_T18LVM_20221112T232630Z_20260303T181047Z_S1A_30_v1.0_B02_BWTR.tif,True,True,3.0,24.0;24.0,5.0;5.0,True
