version,row,sample_id,row_label,role,country,continent,label_water_fraction,common_valid_fraction,iou_s1only,iou_s1aef_t,iou_opera,gain,s1only_beats_s1aef,iou_s1only_3m_inference,iou_s1aef_t_3m_inference,panel_title_s1only,panel_title_s1aef,panel_title_opera
current,1,SID23,Europe,current Fig. 1B,Romania,Europe,0.1249,0.9768,0.0233,0.8695,0.8508,0.8462,False,0.0059,0.9019,0.02,0.87,0.85
current,2,SID46,SE Asia,current Fig. 1B,Vietnam,Asia,0.6007,1.0,0.3744,0.8008,0.4751,0.4264,False,0.1099,0.8275,0.37,0.80,0.48
current,3,SID17,Spain,current Fig. 1B,Spain,Europe,0.0356,1.0,0.6417,0.6057,0.2738,-0.036,True,0.3179,0.6674,0.64,0.61,0.27
alt1,1,SID33,Indonesia,large gain (> 0.20),Indonesia,Asia,0.2695,0.9998,0.157,0.643,0.612,0.486,False,0.0548,0.7023,0.16,0.64,0.61
alt1,2,SID39,Canada,near the median gain,Canada,North America,0.3091,1.0,0.9041,0.9378,0.884,0.0337,False,0.7183,0.9481,0.90,0.94,0.88
alt1,3,SID40,France,"S1-only >= 0.80, |gain| <= 0.05",France,Europe,0.5839,1.0,0.9719,0.9815,0.9235,0.0096,False,0.9001,0.9892,0.97,0.98,0.92
alt2,1,SID83,Thailand,large gain (> 0.20),Thailand,Asia,0.1475,1.0,0.5331,0.9444,0.9189,0.4113,False,0.0438,0.9517,0.53,0.94,0.92
alt2,2,SID03,USA,near the median gain,United States of America,North America,0.3404,1.0,0.8647,0.9036,0.7793,0.0389,False,0.8202,0.9217,0.86,0.90,0.78
alt2,3,SID81,Brazil,"S1-only >= 0.80, |gain| <= 0.05",Brazil,South America,0.2827,1.0,0.9692,0.9808,0.921,0.0115,False,0.9377,0.9892,0.97,0.98,0.92
