sample_id,date,group,validation_group,chip_group,s1_threshold,s1aef_threshold,s1_water_iou,s1aef_water_iou,delta_iou,valid_pixels,label_water_pixels,s1_pred_water_pixels,s1aef_pred_water_pixels,aef_fixes_s1_fn_pixels,aef_fixes_s1_fp_pixels,aef_adds_fn_pixels,aef_adds_fp_pixels,changed_error_pixels,label_path,s1_prob_path,s1aef_prob_path,worldcover_tiles
SID69,2021-08-29,sid_permanent_water,permanent_water,aef_helps,0.3,0.3,0.6814935839773832,0.7369210363191607,0.05542745234177748,1048576,120549,154239,140043,1685,17511,2493,4123,25812,/global/u2/r/rohit9/Workspace/data/S1_Intercomparison_All_Scenes_subset/labels/SID69.tif,/pscratch/sd/r/rohit9/S1ML/revision_checks_20260929/predictions_10m_on_3m/openwater/width_k0_seed42_current_tta/probabilities/2021-08-29/SID69_prob.tif,/pscratch/sd/r/rohit9/S1ML/revision_checks_20260929/predictions_10m_on_3m/openwater/width_k16_seed42_current_tta/probabilities/2021-08-29/SID69_prob.tif,ESA_WorldCover_10m_2021_v200_N69W129_Map.tif
SID72,2021-09-05,sid_permanent_water,permanent_water,neutral,0.3,0.3,0.987170899269588,0.98810141405357,0.0009305147839819838,1048576,926663,927437,920486,151,4030,3169,97,7447,/global/u2/r/rohit9/Workspace/data/S1_Intercomparison_All_Scenes_subset/labels/SID72.tif,/pscratch/sd/r/rohit9/S1ML/revision_checks_20260929/predictions_10m_on_3m/openwater/width_k0_seed42_current_tta/probabilities/2021-09-05/SID72_prob.tif,/pscratch/sd/r/rohit9/S1ML/revision_checks_20260929/predictions_10m_on_3m/openwater/width_k16_seed42_current_tta/probabilities/2021-09-05/SID72_prob.tif,ESA_WorldCover_10m_2021_v200_N63W096_Map.tif
SID80,2021-09-22,sid_permanent_water,permanent_water,neutral,0.3,0.3,0.8680532380597161,0.8825667157068113,0.014513477647095208,1048576,91690,98631,101531,2179,2671,34,3426,8310,/global/u2/r/rohit9/Workspace/data/S1_Intercomparison_All_Scenes_subset/labels/SID80.tif,/pscratch/sd/r/rohit9/S1ML/revision_checks_20260929/predictions_10m_on_3m/openwater/width_k0_seed42_current_tta/probabilities/2021-09-22/SID80_prob.tif,/pscratch/sd/r/rohit9/S1ML/revision_checks_20260929/predictions_10m_on_3m/openwater/width_k16_seed42_current_tta/probabilities/2021-09-22/SID80_prob.tif,ESA_WorldCover_10m_2021_v200_N03E102_Map.tif
SID40,2021-10-12,sid_permanent_water,permanent_water,neutral,0.3,0.3,0.9719389295509656,0.9815244493974841,0.009585519846518453,1048576,612295,628658,623453,527,7159,61,1488,9235,/global/u2/r/rohit9/Workspace/data/S1_Intercomparison_All_Scenes_subset/labels/SID40.tif,/pscratch/sd/r/rohit9/S1ML/revision_checks_20260929/predictions_10m_on_3m/openwater/width_k0_seed42_current_tta/probabilities/2021-10-12/SID40_prob.tif,/pscratch/sd/r/rohit9/S1ML/revision_checks_20260929/predictions_10m_on_3m/openwater/width_k16_seed42_current_tta/probabilities/2021-10-12/SID40_prob.tif,ESA_WorldCover_10m_2021_v200_N03W057_Map.tif;ESA_WorldCover_10m_2021_v200_N03W054_Map.tif
SID21,2021-10-26,sid_permanent_water,permanent_water,neutral,0.3,0.3,0.8962002443631248,0.9113679149828604,0.015167670619735563,1048576,303627,321810,319758,1997,5203,358,1512,9070,/global/u2/r/rohit9/Workspace/data/S1_Intercomparison_All_Scenes_subset/labels/SID21.tif,/pscratch/sd/r/rohit9/S1ML/revision_checks_20260929/predictions_10m_on_3m/openwater/width_k0_seed42_current_tta/probabilities/2021-10-26/SID21_prob.tif,/pscratch/sd/r/rohit9/S1ML/revision_checks_20260929/predictions_10m_on_3m/openwater/width_k16_seed42_current_tta/probabilities/2021-10-26/SID21_prob.tif,ESA_WorldCover_10m_2021_v200_S18W072_Map.tif
SID33,2021-12-17,sid_permanent_water,permanent_water,aef_helps,0.3,0.3,0.1569065273564768,0.6429273967532124,0.4860208693967356,1048576,282561,46963,183480,139325,1632,1641,465,143063,/global/u2/r/rohit9/Workspace/data/S1_Intercomparison_All_Scenes_subset/labels/SID33.tif,/pscratch/sd/r/rohit9/S1ML/revision_checks_20260929/predictions_10m_on_3m/openwater/width_k0_seed42_current_tta/probabilities/2021-12-17/SID33_prob.tif,/pscratch/sd/r/rohit9/S1ML/revision_checks_20260929/predictions_10m_on_3m/openwater/width_k16_seed42_current_tta/probabilities/2021-12-17/SID33_prob.tif,ESA_WorldCover_10m_2021_v200_S06E138_Map.tif
SID22,2021-12-21,sid_permanent_water,permanent_water,neutral,0.3,0.3,0.8528489870901343,0.8714219662897734,0.018572979199639073,1048576,274466,278237,304333,15126,5120,14,16104,36364,/global/u2/r/rohit9/Workspace/data/S1_Intercomparison_All_Scenes_subset/labels/SID22.tif,/pscratch/sd/r/rohit9/S1ML/revision_checks_20260929/predictions_10m_on_3m/openwater/width_k0_seed42_current_tta/probabilities/2021-12-21/SID22_prob.tif,/pscratch/sd/r/rohit9/S1ML/revision_checks_20260929/predictions_10m_on_3m/openwater/width_k16_seed42_current_tta/probabilities/2021-12-21/SID22_prob.tif,ESA_WorldCover_10m_2021_v200_N30E108_Map.tif
SID26,2022-01-06,sid_permanent_water,permanent_water,aef_helps,0.3,0.3,0.0,0.2683161071983902,0.2683161071983902,1048576,20453,2646,7280,5867,2646,0,1413,9926,/global/u2/r/rohit9/Workspace/data/S1_Intercomparison_All_Scenes_subset/labels/SID26.tif,/pscratch/sd/r/rohit9/S1ML/revision_checks_20260929/predictions_10m_on_3m/openwater/width_k0_seed42_current_tta/probabilities/2022-01-06/SID26_prob.tif,/pscratch/sd/r/rohit9/S1ML/revision_checks_20260929/predictions_10m_on_3m/openwater/width_k16_seed42_current_tta/probabilities/2022-01-06/SID26_prob.tif,ESA_WorldCover_10m_2021_v200_N39E039_Map.tif
SID17,2022-02-19,sid_permanent_water,permanent_water,neutral,0.3,0.3,0.6417088746972033,0.6057371911187358,-0.03597168357846747,1048576,37288,52172,60055,1754,1424,1,7554,10733,/global/u2/r/rohit9/Workspace/data/S1_Intercomparison_All_Scenes_subset/labels/SID17.tif,/pscratch/sd/r/rohit9/S1ML/revision_checks_20260929/predictions_10m_on_3m/openwater/width_k0_seed42_current_tta/probabilities/2022-02-19/SID17_prob.tif,/pscratch/sd/r/rohit9/S1ML/revision_checks_20260929/predictions_10m_on_3m/openwater/width_k16_seed42_current_tta/probabilities/2022-02-19/SID17_prob.tif,ESA_WorldCover_10m_2021_v200_N39W006_Map.tif
SID15,2022-02-24,sid_permanent_water,permanent_water,neutral,0.3,0.3,0.8995170843970471,0.925404633860147,0.0258875494630999,1048576,788285,722154,849314,71808,0,0,55352,127160,/global/u2/r/rohit9/Workspace/data/S1_Intercomparison_All_Scenes_subset/labels/SID15.tif,/pscratch/sd/r/rohit9/S1ML/revision_checks_20260929/predictions_10m_on_3m/openwater/width_k0_seed42_current_tta/probabilities/2022-02-24/SID15_prob.tif,/pscratch/sd/r/rohit9/S1ML/revision_checks_20260929/predictions_10m_on_3m/openwater/width_k16_seed42_current_tta/probabilities/2022-02-24/SID15_prob.tif,ESA_WorldCover_10m_2021_v200_N18W090_Map.tif
SID04,2022-03-05,sid_permanent_water,permanent_water,neutral,0.3,0.3,0.7712781871571832,0.7711924715079289,-8.57156492543032e-05,1048576,163426,156272,170086,6015,460,9,8268,14752,/global/u2/r/rohit9/Workspace/data/S1_Intercomparison_All_Scenes_subset/labels/SID04.tif,/pscratch/sd/r/rohit9/S1ML/revision_checks_20260929/predictions_10m_on_3m/openwater/width_k0_seed42_current_tta/probabilities/2022-03-05/SID04_prob.tif,/pscratch/sd/r/rohit9/S1ML/revision_checks_20260929/predictions_10m_on_3m/openwater/width_k16_seed42_current_tta/probabilities/2022-03-05/SID04_prob.tif,ESA_WorldCover_10m_2021_v200_N09E105_Map.tif
SID28,2022-03-17,sid_permanent_water,permanent_water,aef_hurts,0.3,0.3,0.9683708143876519,0.7711633212215284,-0.19720749316612352,1048576,524644,530761,680328,5421,0,0,144146,149567,/global/u2/r/rohit9/Workspace/data/S1_Intercomparison_All_Scenes_subset/labels/SID28.tif,/pscratch/sd/r/rohit9/S1ML/revision_checks_20260929/predictions_10m_on_3m/openwater/width_k0_seed42_current_tta/probabilities/2022-03-17/SID28_prob.tif,/pscratch/sd/r/rohit9/S1ML/revision_checks_20260929/predictions_10m_on_3m/openwater/width_k16_seed42_current_tta/probabilities/2022-03-17/SID28_prob.tif,ESA_WorldCover_10m_2021_v200_N33E072_Map.tif
SID31,2022-03-17,sid_permanent_water,permanent_water,aef_helps,0.3,0.3,0.16891210947859758,0.29201761318730945,0.12310550370871187,1048576,34111,9964,23106,6678,715,115,7294,14802,/global/u2/r/rohit9/Workspace/data/S1_Intercomparison_All_Scenes_subset/labels/SID31.tif,/pscratch/sd/r/rohit9/S1ML/revision_checks_20260929/predictions_10m_on_3m/openwater/width_k0_seed42_current_tta/probabilities/2022-03-17/SID31_prob.tif,/pscratch/sd/r/rohit9/S1ML/revision_checks_20260929/predictions_10m_on_3m/openwater/width_k16_seed42_current_tta/probabilities/2022-03-17/SID31_prob.tif,ESA_WorldCover_10m_2021_v200_S30E147_Map.tif
SID37,2022-03-18,sid_permanent_water,permanent_water,neutral,0.3,0.3,0.9587649180524499,0.9711554558911641,0.012390537838714244,1048576,902418,926614,887265,1714,25833,15231,1,42779,/global/u2/r/rohit9/Workspace/data/S1_Intercomparison_All_Scenes_subset/labels/SID37.tif,/pscratch/sd/r/rohit9/S1ML/revision_checks_20260929/predictions_10m_on_3m/openwater/width_k0_seed42_current_tta/probabilities/2022-03-18/SID37_prob.tif,/pscratch/sd/r/rohit9/S1ML/revision_checks_20260929/predictions_10m_on_3m/openwater/width_k16_seed42_current_tta/probabilities/2022-03-18/SID37_prob.tif,ESA_WorldCover_10m_2021_v200_S51W075_Map.tif
SID25,2022-03-19,sid_permanent_water,permanent_water,aef_helps,0.3,0.3,0.6860897360009471,0.7888967647207736,0.1028070287198265,295969,33750,37462,36915,2334,3753,148,1020,7255,/global/u2/r/rohit9/Workspace/data/S1_Intercomparison_All_Scenes_subset/labels/SID25.tif,/pscratch/sd/r/rohit9/S1ML/revision_checks_20260929/predictions_10m_on_3m/openwater/width_k0_seed42_current_tta/probabilities/2022-03-19/SID25_prob.tif,/pscratch/sd/r/rohit9/S1ML/revision_checks_20260929/predictions_10m_on_3m/openwater/width_k16_seed42_current_tta/probabilities/2022-03-19/SID25_prob.tif,ESA_WorldCover_10m_2021_v200_N36W099_Map.tif;ESA_WorldCover_10m_2021_v200_N36W096_Map.tif
SID18,2022-03-20,sid_permanent_water,permanent_water,aef_hurts,0.3,0.3,0.8767679053453376,0.8204458271664603,-0.056322078178877244,1048576,54325,61785,66214,82,1285,0,5632,6999,/global/u2/r/rohit9/Workspace/data/S1_Intercomparison_All_Scenes_subset/labels/SID18.tif,/pscratch/sd/r/rohit9/S1ML/revision_checks_20260929/predictions_10m_on_3m/openwater/width_k0_seed42_current_tta/probabilities/2022-03-20/SID18_prob.tif,/pscratch/sd/r/rohit9/S1ML/revision_checks_20260929/predictions_10m_on_3m/openwater/width_k16_seed42_current_tta/probabilities/2022-03-20/SID18_prob.tif,ESA_WorldCover_10m_2021_v200_S36E138_Map.tif
SID23,2022-03-22,sid_permanent_water,permanent_water,aef_helps,0.3,0.3,0.02323943661971831,0.8691228798694093,0.845883443249691,1048576,130956,5626,130110,118318,481,27,6674,125500,/global/u2/r/rohit9/Workspace/data/S1_Intercomparison_All_Scenes_subset/labels/SID23.tif,/pscratch/sd/r/rohit9/S1ML/revision_checks_20260929/predictions_10m_on_3m/openwater/width_k0_seed42_current_tta/probabilities/2022-03-22/SID23_prob.tif,/pscratch/sd/r/rohit9/S1ML/revision_checks_20260929/predictions_10m_on_3m/openwater/width_k16_seed42_current_tta/probabilities/2022-03-22/SID23_prob.tif,ESA_WorldCover_10m_2021_v200_N45E024_Map.tif
SID27,2022-03-22,sid_permanent_water,permanent_water,aef_helps,0.3,0.3,0.04170214962194524,0.47384186334762174,0.4321397137256765,1048576,9830,30537,18708,7559,28115,0,8727,44401,/global/u2/r/rohit9/Workspace/data/S1_Intercomparison_All_Scenes_subset/labels/SID27.tif,/pscratch/sd/r/rohit9/S1ML/revision_checks_20260929/predictions_10m_on_3m/openwater/width_k0_seed42_current_tta/probabilities/2022-03-22/SID27_prob.tif,/pscratch/sd/r/rohit9/S1ML/revision_checks_20260929/predictions_10m_on_3m/openwater/width_k16_seed42_current_tta/probabilities/2022-03-22/SID27_prob.tif,ESA_WorldCover_10m_2021_v200_N15W099_Map.tif;ESA_WorldCover_10m_2021_v200_N18W099_Map.tif
SID14,2022-03-31,sid_permanent_water,permanent_water,neutral,0.3,0.3,0.8327995893906645,0.8465054385558899,0.013705849165225437,1048576,127397,126136,127923,2384,2551,538,2492,7965,/global/u2/r/rohit9/Workspace/data/S1_Intercomparison_All_Scenes_subset/labels/SID14.tif,/pscratch/sd/r/rohit9/S1ML/revision_checks_20260929/predictions_10m_on_3m/openwater/width_k0_seed42_current_tta/probabilities/2022-03-31/SID14_prob.tif,/pscratch/sd/r/rohit9/S1ML/revision_checks_20260929/predictions_10m_on_3m/openwater/width_k16_seed42_current_tta/probabilities/2022-03-31/SID14_prob.tif,ESA_WorldCover_10m_2021_v200_S18W060_Map.tif
SID78,2022-04-26,sid_permanent_water,permanent_water,neutral,0.3,0.3,0.9257373676873768,0.9274322001192857,0.0016948324319089325,1048576,268661,271491,280715,4905,1571,220,6110,12806,/global/u2/r/rohit9/Workspace/data/S1_Intercomparison_All_Scenes_subset/labels/SID78.tif,/pscratch/sd/r/rohit9/S1ML/revision_checks_20260929/predictions_10m_on_3m/openwater/width_k0_seed42_current_tta/probabilities/2022-04-26/SID78_prob.tif,/pscratch/sd/r/rohit9/S1ML/revision_checks_20260929/predictions_10m_on_3m/openwater/width_k16_seed42_current_tta/probabilities/2022-04-26/SID78_prob.tif,ESA_WorldCover_10m_2021_v200_N27W090_Map.tif
SID46,2022-05-02,sid_permanent_water,permanent_water,aef_helps,0.3,0.3,0.3743554094851119,0.8007831301971242,0.4264277207120123,1048576,629852,263780,672107,335572,160,22,72937,408691,/global/u2/r/rohit9/Workspace/data/S1_Intercomparison_All_Scenes_subset/labels/SID46.tif,/pscratch/sd/r/rohit9/S1ML/revision_checks_20260929/predictions_10m_on_3m/openwater/width_k0_seed42_current_tta/probabilities/2022-05-02/SID46_prob.tif,/pscratch/sd/r/rohit9/S1ML/revision_checks_20260929/predictions_10m_on_3m/openwater/width_k16_seed42_current_tta/probabilities/2022-05-02/SID46_prob.tif,ESA_WorldCover_10m_2021_v200_N18E105_Map.tif
SID83,2022-05-05,sid_permanent_water,permanent_water,aef_helps,0.3,0.3,0.5331399269636472,0.9444048730166528,0.41126494605300556,1048576,154622,86360,162036,70008,697,6,6371,77082,/global/u2/r/rohit9/Workspace/data/S1_Intercomparison_All_Scenes_subset/labels/SID83.tif,/pscratch/sd/r/rohit9/S1ML/revision_checks_20260929/predictions_10m_on_3m/openwater/width_k0_seed42_current_tta/probabilities/2022-05-05/SID83_prob.tif,/pscratch/sd/r/rohit9/S1ML/revision_checks_20260929/predictions_10m_on_3m/openwater/width_k16_seed42_current_tta/probabilities/2022-05-05/SID83_prob.tif,ESA_WorldCover_10m_2021_v200_N15E105_Map.tif
SID87,2022-05-13,sid_permanent_water,permanent_water,aef_helps,0.3,0.3,0.20413736249581368,0.38895892639284263,0.18482156389702895,1048576,22663,24078,45646,11400,8170,195,18533,38298,/global/u2/r/rohit9/Workspace/data/S1_Intercomparison_All_Scenes_subset/labels/SID87.tif,/pscratch/sd/r/rohit9/S1ML/revision_checks_20260929/predictions_10m_on_3m/openwater/width_k0_seed42_current_tta/probabilities/2022-05-13/SID87_prob.tif,/pscratch/sd/r/rohit9/S1ML/revision_checks_20260929/predictions_10m_on_3m/openwater/width_k16_seed42_current_tta/probabilities/2022-05-13/SID87_prob.tif,ESA_WorldCover_10m_2021_v200_N12W090_Map.tif
SID68,2022-05-18,sid_permanent_water,permanent_water,neutral,0.3,0.3,0.7153702257496232,0.7418513223731237,0.02648109662350051,1048576,41514,52936,55960,2125,7267,0,8166,17558,/global/u2/r/rohit9/Workspace/data/S1_Intercomparison_All_Scenes_subset/labels/SID68.tif,/pscratch/sd/r/rohit9/S1ML/revision_checks_20260929/predictions_10m_on_3m/openwater/width_k0_seed42_current_tta/probabilities/2022-05-18/SID68_prob.tif,/pscratch/sd/r/rohit9/S1ML/revision_checks_20260929/predictions_10m_on_3m/openwater/width_k16_seed42_current_tta/probabilities/2022-05-18/SID68_prob.tif,ESA_WorldCover_10m_2021_v200_N45E012_Map.tif
SID64,2022-05-27,sid_permanent_water,permanent_water,aef_helps,0.3,0.3,0.7806942704028581,0.837516073569994,0.05682180316713592,1048576,64568,69009,62612,4,5901,600,100,6605,/global/u2/r/rohit9/Workspace/data/S1_Intercomparison_All_Scenes_subset/labels/SID64.tif,/pscratch/sd/r/rohit9/S1ML/revision_checks_20260929/predictions_10m_on_3m/openwater/width_k0_seed42_current_tta/probabilities/2022-05-27/SID64_prob.tif,/pscratch/sd/r/rohit9/S1ML/revision_checks_20260929/predictions_10m_on_3m/openwater/width_k16_seed42_current_tta/probabilities/2022-05-27/SID64_prob.tif,ESA_WorldCover_10m_2021_v200_N54E090_Map.tif
SID44,2022-05-31,sid_permanent_water,permanent_water,aef_helps,0.3,0.3,0.6250639525144092,0.8731458335147941,0.24808188100038497,1048576,202341,156582,227767,62434,7004,0,15755,85193,/global/u2/r/rohit9/Workspace/data/S1_Intercomparison_All_Scenes_subset/labels/SID44.tif,/pscratch/sd/r/rohit9/S1ML/revision_checks_20260929/predictions_10m_on_3m/openwater/width_k0_seed42_current_tta/probabilities/2022-05-31/SID44_prob.tif,/pscratch/sd/r/rohit9/S1ML/revision_checks_20260929/predictions_10m_on_3m/openwater/width_k16_seed42_current_tta/probabilities/2022-05-31/SID44_prob.tif,ESA_WorldCover_10m_2021_v200_N12E036_Map.tif
SID55,2022-06-04,sid_permanent_water,permanent_water,neutral,0.3,0.3,0.589951901514097,0.5635487371882734,-0.02640316432582368,1048576,481877,546170,855076,100420,396,0,208882,309698,/global/u2/r/rohit9/Workspace/data/S1_Intercomparison_All_Scenes_subset/labels/SID55.tif,/pscratch/sd/r/rohit9/S1ML/revision_checks_20260929/predictions_10m_on_3m/openwater/width_k0_seed42_current_tta/probabilities/2022-06-04/SID55_prob.tif,/pscratch/sd/r/rohit9/S1ML/revision_checks_20260929/predictions_10m_on_3m/openwater/width_k16_seed42_current_tta/probabilities/2022-06-04/SID55_prob.tif,ESA_WorldCover_10m_2021_v200_N21E066_Map.tif
SID53,2022-06-07,sid_permanent_water,permanent_water,neutral,0.3,0.3,0.7933644818724296,0.8357331985707575,0.04236871669832787,1048576,470310,427086,561328,72664,0,0,61578,134242,/global/u2/r/rohit9/Workspace/data/S1_Intercomparison_All_Scenes_subset/labels/SID53.tif,/pscratch/sd/r/rohit9/S1ML/revision_checks_20260929/predictions_10m_on_3m/openwater/width_k0_seed42_current_tta/probabilities/2022-06-07/SID53_prob.tif,/pscratch/sd/r/rohit9/S1ML/revision_checks_20260929/predictions_10m_on_3m/openwater/width_k16_seed42_current_tta/probabilities/2022-06-07/SID53_prob.tif,ESA_WorldCover_10m_2021_v200_N24E066_Map.tif
SID61,2022-06-07,sid_permanent_water,permanent_water,aef_helps,0.3,0.3,0.8247431518438472,0.9134666096146,0.08872345777075286,1048576,193171,211245,191409,3597,21533,2790,890,28810,/global/u2/r/rohit9/Workspace/data/S1_Intercomparison_All_Scenes_subset/labels/SID61.tif,/pscratch/sd/r/rohit9/S1ML/revision_checks_20260929/predictions_10m_on_3m/openwater/width_k0_seed42_current_tta/probabilities/2022-06-07/SID61_prob.tif,/pscratch/sd/r/rohit9/S1ML/revision_checks_20260929/predictions_10m_on_3m/openwater/width_k16_seed42_current_tta/probabilities/2022-06-07/SID61_prob.tif,ESA_WorldCover_10m_2021_v200_N60E027_Map.tif
SID63,2022-06-07,sid_permanent_water,permanent_water,aef_helps,0.3,0.3,0.8654800658055934,0.9313903231831208,0.06591025737752731,1048576,509441,556457,514333,3178,41508,3993,199,48878,/global/u2/r/rohit9/Workspace/data/S1_Intercomparison_All_Scenes_subset/labels/SID63.tif,/pscratch/sd/r/rohit9/S1ML/revision_checks_20260929/predictions_10m_on_3m/openwater/width_k0_seed42_current_tta/probabilities/2022-06-07/SID63_prob.tif,/pscratch/sd/r/rohit9/S1ML/revision_checks_20260929/predictions_10m_on_3m/openwater/width_k16_seed42_current_tta/probabilities/2022-06-07/SID63_prob.tif,ESA_WorldCover_10m_2021_v200_N60E027_Map.tif
SID85,2022-06-09,sid_permanent_water,permanent_water,neutral,0.3,0.3,0.9825008779700285,0.9806938396558262,-0.0018070383142022584,1048576,374983,381464,382365,98,351,0,1154,1603,/global/u2/r/rohit9/Workspace/data/S1_Intercomparison_All_Scenes_subset/labels/SID85.tif,/pscratch/sd/r/rohit9/S1ML/revision_checks_20260929/predictions_10m_on_3m/openwater/width_k0_seed42_current_tta/probabilities/2022-06-09/SID85_prob.tif,/pscratch/sd/r/rohit9/S1ML/revision_checks_20260929/predictions_10m_on_3m/openwater/width_k16_seed42_current_tta/probabilities/2022-06-09/SID85_prob.tif,ESA_WorldCover_10m_2021_v200_N18W105_Map.tif
SID50,2022-06-11,sid_permanent_water,permanent_water,neutral,0.3,0.3,0.0,0.033027913914340505,0.033027913914340505,602211,4693,0,155,155,0,0,0,155,/global/u2/r/rohit9/Workspace/data/S1_Intercomparison_All_Scenes_subset/labels/SID50.tif,/pscratch/sd/r/rohit9/S1ML/revision_checks_20260929/predictions_10m_on_3m/openwater/width_k0_seed42_current_tta/probabilities/2022-06-11/SID50_prob.tif,/pscratch/sd/r/rohit9/S1ML/revision_checks_20260929/predictions_10m_on_3m/openwater/width_k16_seed42_current_tta/probabilities/2022-06-11/SID50_prob.tif,ESA_WorldCover_10m_2021_v200_N39W009_Map.tif
SID52,2022-06-11,sid_permanent_water,permanent_water,neutral,0.3,0.3,0.846673618106734,0.8734568628374876,0.026783244730753553,1048576,153305,160166,164778,4613,3771,36,3806,12226,/global/u2/r/rohit9/Workspace/data/S1_Intercomparison_All_Scenes_subset/labels/SID52.tif,/pscratch/sd/r/rohit9/S1ML/revision_checks_20260929/predictions_10m_on_3m/openwater/width_k0_seed42_current_tta/probabilities/2022-06-11/SID52_prob.tif,/pscratch/sd/r/rohit9/S1ML/revision_checks_20260929/predictions_10m_on_3m/openwater/width_k16_seed42_current_tta/probabilities/2022-06-11/SID52_prob.tif,ESA_WorldCover_10m_2021_v200_N39W009_Map.tif
SID51,2022-06-12,sid_permanent_water,permanent_water,aef_helps,0.3,0.3,0.572267449619645,0.6686071176054679,0.09633966798582283,1048576,32299,38387,38500,2696,4917,55,2389,10057,/global/u2/r/rohit9/Workspace/data/S1_Intercomparison_All_Scenes_subset/labels/SID51.tif,/pscratch/sd/r/rohit9/S1ML/revision_checks_20260929/predictions_10m_on_3m/openwater/width_k0_seed42_current_tta/probabilities/2022-06-12/SID51_prob.tif,/pscratch/sd/r/rohit9/S1ML/revision_checks_20260929/predictions_10m_on_3m/openwater/width_k16_seed42_current_tta/probabilities/2022-06-12/SID51_prob.tif,ESA_WorldCover_10m_2021_v200_N39W006_Map.tif
SID59,2022-06-13,sid_permanent_water,permanent_water,neutral,0.3,0.3,0.7939097185926883,0.784491512477422,-0.009418206115266337,1048576,88000,107642,110580,727,2393,11,4615,7746,/global/u2/r/rohit9/Workspace/data/S1_Intercomparison_All_Scenes_subset/labels/SID59.tif,/pscratch/sd/r/rohit9/S1ML/revision_checks_20260929/predictions_10m_on_3m/openwater/width_k0_seed42_current_tta/probabilities/2022-06-13/SID59_prob.tif,/pscratch/sd/r/rohit9/S1ML/revision_checks_20260929/predictions_10m_on_3m/openwater/width_k16_seed42_current_tta/probabilities/2022-06-13/SID59_prob.tif,ESA_WorldCover_10m_2021_v200_N33W117_Map.tif
SID90,2022-06-13,sid_permanent_water,permanent_water,aef_helps,0.3,0.3,0.4016266934515789,0.7411337483493681,0.33950705489778915,1048576,39910,17303,33928,15185,412,149,2001,17747,/global/u2/r/rohit9/Workspace/data/S1_Intercomparison_All_Scenes_subset/labels/SID90.tif,/pscratch/sd/r/rohit9/S1ML/revision_checks_20260929/predictions_10m_on_3m/openwater/width_k0_seed42_current_tta/probabilities/2022-06-13/SID90_prob.tif,/pscratch/sd/r/rohit9/S1ML/revision_checks_20260929/predictions_10m_on_3m/openwater/width_k16_seed42_current_tta/probabilities/2022-06-13/SID90_prob.tif,ESA_WorldCover_10m_2021_v200_N27E081_Map.tif
SID89,2022-06-15,sid_permanent_water,permanent_water,aef_helps,0.3,0.3,0.3391649048625793,0.9293818734353788,0.5902169685727996,1048576,75339,26009,79573,48953,68,0,4679,53700,/global/u2/r/rohit9/Workspace/data/S1_Intercomparison_All_Scenes_subset/labels/SID89.tif,/pscratch/sd/r/rohit9/S1ML/revision_checks_20260929/predictions_10m_on_3m/openwater/width_k0_seed42_current_tta/probabilities/2022-06-15/SID89_prob.tif,/pscratch/sd/r/rohit9/S1ML/revision_checks_20260929/predictions_10m_on_3m/openwater/width_k16_seed42_current_tta/probabilities/2022-06-15/SID89_prob.tif,ESA_WorldCover_10m_2021_v200_N30E075_Map.tif
SID67,2022-06-16,sid_permanent_water,permanent_water,aef_helps,0.3,0.3,0.012088845733705547,0.48732131939794465,0.4752324736642391,1048576,26050,15643,25038,16511,14917,270,8071,39769,/global/u2/r/rohit9/Workspace/data/S1_Intercomparison_All_Scenes_subset/labels/SID67.tif,/pscratch/sd/r/rohit9/S1ML/revision_checks_20260929/predictions_10m_on_3m/openwater/width_k0_seed42_current_tta/probabilities/2022-06-16/SID67_prob.tif,/pscratch/sd/r/rohit9/S1ML/revision_checks_20260929/predictions_10m_on_3m/openwater/width_k16_seed42_current_tta/probabilities/2022-06-16/SID67_prob.tif,ESA_WorldCover_10m_2021_v200_N39W123_Map.tif
SID79,2022-06-16,sid_permanent_water,permanent_water,aef_helps,0.3,0.3,0.7243263647966062,0.8940337163674944,0.16970735157088823,1048576,251256,228374,234325,36994,22691,9262,910,69857,/global/u2/r/rohit9/Workspace/data/S1_Intercomparison_All_Scenes_subset/labels/SID79.tif,/pscratch/sd/r/rohit9/S1ML/revision_checks_20260929/predictions_10m_on_3m/openwater/width_k0_seed42_current_tta/probabilities/2022-06-16/SID79_prob.tif,/pscratch/sd/r/rohit9/S1ML/revision_checks_20260929/predictions_10m_on_3m/openwater/width_k16_seed42_current_tta/probabilities/2022-06-16/SID79_prob.tif,ESA_WorldCover_10m_2021_v200_N30E048_Map.tif
SID81,2022-06-18,sid_permanent_water,permanent_water,neutral,0.3,0.3,0.9692231672158829,0.9807640071286131,0.01154083991273025,1048576,296456,305313,301501,63,3889,170,184,4306,/global/u2/r/rohit9/Workspace/data/S1_Intercomparison_All_Scenes_subset/labels/SID81.tif,/pscratch/sd/r/rohit9/S1ML/revision_checks_20260929/predictions_10m_on_3m/openwater/width_k0_seed42_current_tta/probabilities/2022-06-18/SID81_prob.tif,/pscratch/sd/r/rohit9/S1ML/revision_checks_20260929/predictions_10m_on_3m/openwater/width_k16_seed42_current_tta/probabilities/2022-06-18/SID81_prob.tif,ESA_WorldCover_10m_2021_v200_S09W054_Map.tif
SID06,2022-06-29,sid_permanent_water,permanent_water,neutral,0.3,0.3,0.9441264886853518,0.9693865224013867,0.025260033716034913,1048576,750557,769225,749249,4262,20332,4068,162,28824,/global/u2/r/rohit9/Workspace/data/S1_Intercomparison_All_Scenes_subset/labels/SID06.tif,/pscratch/sd/r/rohit9/S1ML/revision_checks_20260929/predictions_10m_on_3m/openwater/width_k0_seed42_current_tta/probabilities/2022-06-29/SID06_prob.tif,/pscratch/sd/r/rohit9/S1ML/revision_checks_20260929/predictions_10m_on_3m/openwater/width_k16_seed42_current_tta/probabilities/2022-06-29/SID06_prob.tif,ESA_WorldCover_10m_2021_v200_N66E027_Map.tif
SID03,2022-07-10,sid_permanent_water,permanent_water,neutral,0.3,0.3,0.8646946708009962,0.9036083935350389,0.0389137227340427,1048576,356904,364138,361672,7748,11695,1014,2495,22952,/global/u2/r/rohit9/Workspace/data/S1_Intercomparison_All_Scenes_subset/labels/SID03.tif,/pscratch/sd/r/rohit9/S1ML/revision_checks_20260929/predictions_10m_on_3m/openwater/width_k0_seed42_current_tta/probabilities/2022-07-10/SID03_prob.tif,/pscratch/sd/r/rohit9/S1ML/revision_checks_20260929/predictions_10m_on_3m/openwater/width_k16_seed42_current_tta/probabilities/2022-07-10/SID03_prob.tif,ESA_WorldCover_10m_2021_v200_N60W165_Map.tif
SID05,2022-08-09,sid_permanent_water,permanent_water,neutral,0.3,0.3,0.9116649249924472,0.9373009345288262,0.025636009536379012,1048576,556743,601227,587981,2091,17206,484,2353,22134,/global/u2/r/rohit9/Workspace/data/S1_Intercomparison_All_Scenes_subset/labels/SID05.tif,/pscratch/sd/r/rohit9/S1ML/revision_checks_20260929/predictions_10m_on_3m/openwater/width_k0_seed42_current_tta/probabilities/2022-08-09/SID05_prob.tif,/pscratch/sd/r/rohit9/S1ML/revision_checks_20260929/predictions_10m_on_3m/openwater/width_k16_seed42_current_tta/probabilities/2022-08-09/SID05_prob.tif,ESA_WorldCover_10m_2021_v200_N60E021_Map.tif
SID39,2022-08-21,sid_permanent_water,permanent_water,neutral,0.3,0.3,0.9040857122312504,0.9377988153005334,0.03371310306928299,1048576,324166,337837,327165,1891,11984,1007,428,15310,/global/u2/r/rohit9/Workspace/data/S1_Intercomparison_All_Scenes_subset/labels/SID39.tif,/pscratch/sd/r/rohit9/S1ML/revision_checks_20260929/predictions_10m_on_3m/openwater/width_k0_seed42_current_tta/probabilities/2022-08-21/SID39_prob.tif,/pscratch/sd/r/rohit9/S1ML/revision_checks_20260929/predictions_10m_on_3m/openwater/width_k16_seed42_current_tta/probabilities/2022-08-21/SID39_prob.tif,ESA_WorldCover_10m_2021_v200_N60W117_Map.tif
SID65,2022-08-25,sid_permanent_water,permanent_water,neutral,0.3,0.3,0.8843911096087214,0.9194609076885605,0.03506979807983912,1048576,69020,64768,72832,5160,459,0,3363,8982,/global/u2/r/rohit9/Workspace/data/S1_Intercomparison_All_Scenes_subset/labels/SID65.tif,/pscratch/sd/r/rohit9/S1ML/revision_checks_20260929/predictions_10m_on_3m/openwater/width_k0_seed42_current_tta/probabilities/2022-08-25/SID65_prob.tif,/pscratch/sd/r/rohit9/S1ML/revision_checks_20260929/predictions_10m_on_3m/openwater/width_k16_seed42_current_tta/probabilities/2022-08-25/SID65_prob.tif,ESA_WorldCover_10m_2021_v200_N45E006_Map.tif
SID36,2022-09-01,sid_permanent_water,permanent_water,aef_helps,0.3,0.3,0.7338816372027127,0.7933913830686948,0.05950974586598212,1048576,161770,171111,139344,948,24095,8631,11,33685,/global/u2/r/rohit9/Workspace/data/S1_Intercomparison_All_Scenes_subset/labels/SID36.tif,/pscratch/sd/r/rohit9/S1ML/revision_checks_20260929/predictions_10m_on_3m/openwater/width_k0_seed42_current_tta/probabilities/2022-09-01/SID36_prob.tif,/pscratch/sd/r/rohit9/S1ML/revision_checks_20260929/predictions_10m_on_3m/openwater/width_k16_seed42_current_tta/probabilities/2022-09-01/SID36_prob.tif,ESA_WorldCover_10m_2021_v200_N63E168_Map.tif
SID100,2022-11-12,sid_permanent_water,permanent_water,aef_helps,0.3,0.3,0.14752626380533357,0.8208265989378897,0.6733003351325562,1048576,41498,9622,37362,29410,2766,432,1528,34136,/global/u2/r/rohit9/Workspace/data/S1_Intercomparison_All_Scenes_subset/labels/SID100.tif,/pscratch/sd/r/rohit9/S1ML/revision_checks_20260929/predictions_10m_on_3m/openwater/width_k0_seed42_current_tta/probabilities/2022-11-12/SID100_prob.tif,/pscratch/sd/r/rohit9/S1ML/revision_checks_20260929/predictions_10m_on_3m/openwater/width_k16_seed42_current_tta/probabilities/2022-11-12/SID100_prob.tif,ESA_WorldCover_10m_2021_v200_S15W078_Map.tif
SID98,2023-06-23,sid_permanent_water,permanent_water,aef_helps,0.3,0.3,0.20701086545491215,0.46187687643054604,0.2548660109756339,1048576,70626,25131,76911,30334,2032,143,23621,56130,/global/u2/r/rohit9/Workspace/data/S1_Intercomparison_All_Scenes_subset/labels/SID98.tif,/pscratch/sd/r/rohit9/S1ML/revision_checks_20260929/predictions_10m_on_3m/openwater/width_k0_seed42_current_tta/probabilities/2023-06-23/SID98_prob.tif,/pscratch/sd/r/rohit9/S1ML/revision_checks_20260929/predictions_10m_on_3m/openwater/width_k16_seed42_current_tta/probabilities/2023-06-23/SID98_prob.tif,ESA_WorldCover_10m_2021_v200_N45E060_Map.tif
SID99,2023-08-27,sid_permanent_water,permanent_water,neutral,0.3,0.3,0.0,0.005040070833427929,0.005040070833427929,1048576,5661,95599,38608,222,69761,0,12548,82531,/global/u2/r/rohit9/Workspace/data/S1_Intercomparison_All_Scenes_subset/labels/SID99.tif,/pscratch/sd/r/rohit9/S1ML/revision_checks_20260929/predictions_10m_on_3m/openwater/width_k0_seed42_current_tta/probabilities/2023-08-27/SID99_prob.tif,/pscratch/sd/r/rohit9/S1ML/revision_checks_20260929/predictions_10m_on_3m/openwater/width_k16_seed42_current_tta/probabilities/2023-08-27/SID99_prob.tif,ESA_WorldCover_10m_2021_v200_N39E084_Map.tif
SID91,2023-12-18,sid_permanent_water,permanent_water,aef_hurts,0.3,0.3,0.6143497757847534,0.5316599951566262,-0.08268978062812715,1048576,37335,58425,70186,880,1790,0,12671,15341,/global/u2/r/rohit9/Workspace/data/S1_Intercomparison_All_Scenes_subset/labels/SID91.tif,/pscratch/sd/r/rohit9/S1ML/revision_checks_20260929/predictions_10m_on_3m/openwater/width_k0_seed42_current_tta/probabilities/2023-12-18/SID91_prob.tif,/pscratch/sd/r/rohit9/S1ML/revision_checks_20260929/predictions_10m_on_3m/openwater/width_k16_seed42_current_tta/probabilities/2023-12-18/SID91_prob.tif,ESA_WorldCover_10m_2021_v200_N27W102_Map.tif
SID92,2023-12-19,sid_permanent_water,permanent_water,aef_helps,0.3,0.3,0.6050115299960309,0.6648157656873936,0.05980423569136273,1048576,458228,520370,326403,19253,138791,74808,379,233231,/global/u2/r/rohit9/Workspace/data/S1_Intercomparison_All_Scenes_subset/labels/SID92.tif,/pscratch/sd/r/rohit9/S1ML/revision_checks_20260929/predictions_10m_on_3m/openwater/width_k0_seed42_current_tta/probabilities/2023-12-19/SID92_prob.tif,/pscratch/sd/r/rohit9/S1ML/revision_checks_20260929/predictions_10m_on_3m/openwater/width_k16_seed42_current_tta/probabilities/2023-12-19/SID92_prob.tif,ESA_WorldCover_10m_2021_v200_N36W111_Map.tif
SID93,2023-12-20,sid_permanent_water,permanent_water,neutral,0.3,0.3,0.00044190969031096994,0.0,-0.00044190969031096994,1048576,31314,281105,0,0,280967,138,0,281105,/global/u2/r/rohit9/Workspace/data/S1_Intercomparison_All_Scenes_subset/labels/SID93.tif,/pscratch/sd/r/rohit9/S1ML/revision_checks_20260929/predictions_10m_on_3m/openwater/width_k0_seed42_current_tta/probabilities/2023-12-20/SID93_prob.tif,/pscratch/sd/r/rohit9/S1ML/revision_checks_20260929/predictions_10m_on_3m/openwater/width_k16_seed42_current_tta/probabilities/2023-12-20/SID93_prob.tif,ESA_WorldCover_10m_2021_v200_S24W072_Map.tif
SID97,2023-12-24,sid_permanent_water,permanent_water,aef_helps,0.3,0.3,0.41993746993746994,0.6743835248269838,0.2544460548895139,1048576,207834,146412,290563,96088,3500,117,51680,151385,/global/u2/r/rohit9/Workspace/data/S1_Intercomparison_All_Scenes_subset/labels/SID97.tif,/pscratch/sd/r/rohit9/S1ML/revision_checks_20260929/predictions_10m_on_3m/openwater/width_k0_seed42_current_tta/probabilities/2023-12-24/SID97_prob.tif,/pscratch/sd/r/rohit9/S1ML/revision_checks_20260929/predictions_10m_on_3m/openwater/width_k16_seed42_current_tta/probabilities/2023-12-24/SID97_prob.tif,ESA_WorldCover_10m_2021_v200_N39E060_Map.tif
