sample_id,date_folder,latitude,longitude,country,continent,subregion,ne_match,label_water_fraction,common_valid_fraction,common_valid_pixels,iou_s1only,iou_s1aef_t,iou_s1aef_tminus1_swap,iou_s1aef_tminus1_trained,iou_opera,iou_s1only_full,iou_s1aef_t_full,iou_s1aef_tminus1_swap_full,iou_s1aef_tminus1_trained_full,iou_opera_full
SID03,2022-07-10,62.81497588517424,-164.52478322741666,United States of America,North America,Northern America,contains,0.3404,1.0,1048576,0.8647,0.9036,0.8915,0.8936,0.7793,0.8646946708009962,0.9036083935350389,0.8915363491358755,0.8935847208619001,0.7793266853573015
SID04,2022-03-05,10.571446766279394,106.9557376712892,Vietnam,Asia,South-Eastern Asia,contains,0.1559,1.0,1048576,0.7713,0.7712,0.7644,0.7642,0.5468,0.7712781871571832,0.7711924715079289,0.7644115945078647,0.7642060317175122,0.5468270876091397
SID05,2022-08-09,61.04068199590952,22.34333632794021,Finland,Europe,Northern Europe,contains,0.531,1.0,1048576,0.9117,0.9373,0.9335,0.9332,0.9184,0.9116649249924472,0.9373009345288262,0.9334519417214263,0.933176104599193,0.9183667838685592
SID06,2022-06-29,66.62131178375265,27.628220023878804,Finland,Europe,Northern Europe,contains,0.7158,1.0,1048576,0.9441,0.9694,0.9701,0.9683,0.9512,0.9441264886853518,0.9693865224013867,0.970121255462017,0.9683093427200536,0.9512352241424964
SID14,2022-03-31,-17.76034802346707,-57.108070628703295,Brazil,South America,South America,contains,0.1215,1.0,1048576,0.8328,0.8465,0.7501,0.792,0.7322,0.8327995893906645,0.8465054385558899,0.7500751142042493,0.7920087432831548,0.7321839160790289
SID15,2022-02-24,18.277257562577084,-88.09093458983413,Belize,North America,Central America,nearest,0.7518,1.0,1048576,0.8995,0.9254,0.928,0.9357,0.8255,0.8995170843970471,0.925404633860147,0.9280109049016637,0.9356732803020474,0.8255498549376266
SID17,2022-02-19,39.86799553869256,-4.043336102476536,Spain,Europe,Southern Europe,contains,0.0356,1.0,1048576,0.6417,0.6057,0.5991,0.6242,0.2738,0.6417088746972033,0.6057371911187358,0.5991263386089877,0.6241574088295022,0.2738246829317985
SID18,2022-03-20,-34.04119053103209,139.72345393391294,Australia,Oceania,Australia and New Zealand,contains,0.0518,1.0,1048576,0.8768,0.8204,0.8768,0.8763,0.5439,0.8767679053453376,0.8204458271664603,0.8767611884895338,0.8762944801109784,0.5439342327602392
SID21,2021-10-26,-16.55787045524673,-69.04290012306129,Peru,South America,South America,contains,0.2896,0.9789,1026475,0.8962,0.9114,0.9084,0.9071,0.8376,0.8962002443631248,0.9113679149828604,0.9084309469513108,0.9070968411034785,0.837638821097794
SID22,2021-12-21,32.483896635011945,108.61501523096986,China,Asia,Eastern Asia,contains,0.2618,0.8131,852568,0.8781,0.8886,0.8908,0.8882,0.764,0.878050824669905,0.8885998619887155,0.890768362273596,0.8882025062384724,0.764038677461293
SID23,2022-03-22,45.57739355791049,25.762900297960314,Romania,Europe,Eastern Europe,contains,0.1249,0.9768,1024212,0.0233,0.8695,0.8329,0.8526,0.8508,0.023253024692283474,0.8694649215184795,0.8329169746870937,0.8526447291826096,0.8507856841639533
SID25,2022-03-19,36.13273541305788,-95.99162280945872,United States of America,North America,Northern America,contains,0.101,0.2823,295969,0.6861,0.7889,0.7816,0.7887,0.6924,0.6860897360009471,0.7888967647207736,0.7815882220611393,0.7887443004252267,0.6924255456402537
SID26,2022-01-06,39.62702067890961,41.65928016625202,Turkey,Asia,Western Asia,contains,0.0195,1.0,1048576,0.0,0.2683,0.2704,0.251,0.1871,0.0,0.2683161071983902,0.2703508369639991,0.2510203145778878,0.18705729292150533
SID27,2022-03-22,18.008334512061836,-96.86426997154248,Mexico,North America,Central America,contains,0.0094,0.7481,784486,0.1156,0.4741,0.4338,0.4468,0.094,0.11564333762702161,0.47411120297643655,0.4338381733129545,0.44684579439252337,0.09400247124798022
SID28,2022-03-17,34.09052531853374,72.87062791309356,Pakistan,Asia,Southern Asia,contains,0.5003,0.9993,1047836,0.9684,0.7712,0.7675,0.7859,0.7909,0.9683708143876519,0.7711633212215284,0.767468837907382,0.7858693193648264,0.7909489979788185
SID31,2022-03-17,-27.30707583162043,148.84480213114037,Australia,Oceania,Australia and New Zealand,contains,0.0325,1.0,1048576,0.1689,0.292,0.2572,0.2577,0.0,0.16891210947859758,0.29201761318730945,0.2571546873858295,0.25766570181033216,0.0
SID33,2021-12-17,-4.507322657184197,140.96171567299157,Indonesia,Asia,South-Eastern Asia,contains,0.2695,0.9998,1048376,0.157,0.643,0.7235,0.7094,0.612,0.15701677956097698,0.6430494064522957,0.7234718929013576,0.7093562327721433,0.6120475202767423
SID36,2022-09-01,64.75006702483184,170.6482523215031,Russia,Europe,Eastern Europe,contains,0.1543,1.0,1048576,0.7339,0.7934,0.7828,0.7861,0.4337,0.7338816372027127,0.7933913830686948,0.782793525898201,0.7861423742987561,0.4337439046960752
SID37,2022-03-18,-50.3030030535472,-72.61475165467694,Argentina,South America,South America,contains,0.8606,1.0,1048576,0.9588,0.9712,0.9748,0.9741,0.9139,0.9587649180524499,0.9711554558911641,0.974849159505276,0.9740585682824187,0.9138895661435409
SID39,2022-08-21,61.57606060870507,-115.86323809915892,Canada,North America,Northern America,contains,0.3091,1.0,1048576,0.9041,0.9378,0.9279,0.9208,0.884,0.9040857122312504,0.9377988153005334,0.9279199005791732,0.9208489272182059,0.8839747884710026
SID40,2021-10-12,5.602764100511953,-54.01364990659533,France,Europe,Western Europe,contains,0.5839,1.0,1048576,0.9719,0.9815,0.9773,0.9766,0.9235,0.9719389295509656,0.9815244493974841,0.9772621698632761,0.9765775796885519,0.9234611666129552
SID44,2022-05-31,13.332870277006624,38.75639757966738,Ethiopia,Africa,Eastern Africa,contains,0.193,0.8652,907276,0.6846,0.8931,0.8938,0.8964,0.7057,0.6846128830519075,0.8930735128508503,0.8938047633747299,0.8963635064656712,0.7056887339937309
SID46,2022-05-02,20.24063327064131,106.5703836148108,Vietnam,Asia,South-Eastern Asia,nearest,0.6007,1.0,1048576,0.3744,0.8008,0.7966,0.7787,0.4751,0.3743554094851119,0.8007831301971242,0.7965700842688828,0.7787487712399944,0.4751186877967195
SID50,2022-06-11,39.59700013076717,-6.128741857875956,Spain,Europe,Southern Europe,contains,0.0089,0.5726,600365,0.0,0.0332,0.1287,0.0653,0.0,0.0,0.03324753324753325,0.12869198312236288,0.06527303754266212,0.0
SID51,2022-06-12,41.650537352376816,-4.729647952081298,Spain,Europe,Southern Europe,contains,0.0308,0.9998,1048376,0.5725,0.6692,0.6701,0.699,0.3376,0.5725476232864518,0.6691906682707051,0.6701084150748581,0.6990468215068595,0.33763716603053434
SID52,2022-06-11,39.49066185605896,-6.2863851979707865,Spain,Europe,Southern Europe,contains,0.1462,1.0,1048576,0.8467,0.8735,0.7821,0.7978,0.7782,0.846673618106734,0.8734568628374876,0.7820950009937342,0.797821010841513,0.7781947204087426
SID53,2022-06-07,24.0734536327493,67.63424778052516,Pakistan,Asia,Southern Asia,contains,0.4485,1.0,1048576,0.7934,0.8357,0.8446,0.8553,0.7685,0.7933644818724296,0.8357331985707575,0.8445922497514102,0.855305735580924,0.7685074459939606
SID55,2022-06-04,23.87607855808978,67.61175630448399,Pakistan,Asia,Southern Asia,nearest,0.4596,1.0,1048576,0.59,0.5635,0.563,0.5667,0.5257,0.589951901514097,0.5635487371882734,0.5629581774191476,0.5667254314151876,0.5256952445098283
SID59,2022-06-13,33.23617310582279,-114.69023913843348,United States of America,North America,Northern America,contains,0.0839,1.0,1048576,0.7939,0.7845,0.7639,0.7634,0.69,0.7939097185926883,0.784491512477422,0.7639304134976833,0.7633723423809815,0.6899621609099033
SID61,2022-06-07,61.45636463571704,27.28399095460905,Finland,Europe,Northern Europe,contains,0.1842,1.0,1048576,0.8247,0.9135,0.9093,0.9012,0.7586,0.8247431518438472,0.9134666096146,0.9093021067074832,0.901196219356109,0.758621714387602
SID63,2022-06-07,62.38453666052563,27.96044501035304,Finland,Europe,Northern Europe,contains,0.4858,0.9999,1048476,0.8655,0.9314,0.9323,0.9255,0.7769,0.8654997575988813,0.9314131661063506,0.9322706068265619,0.9255402503161364,0.7768632257407676
SID64,2022-05-27,56.45769445737662,90.4117250717097,Russia,Europe,Eastern Europe,contains,0.0616,1.0,1048576,0.7807,0.8375,0.8327,0.8283,0.6422,0.7806942704028581,0.837516073569994,0.8326707000864304,0.8283124386321916,0.6421914533826651
SID65,2022-08-25,46.467480617086224,8.356621760518905,Switzerland,Europe,Western Europe,contains,0.0658,0.6855,718747,0.8903,0.9206,0.9293,0.9404,0.8655,0.8902911107014733,0.9205865549419159,0.9292616025031358,0.9404449803025418,0.8654893524317847
SID67,2022-06-16,41.02482769987446,-122.69153094649609,United States of America,North America,Northern America,contains,0.0248,0.9587,1005246,0.0121,0.4863,0.3511,0.3383,0.1329,0.012149601112493595,0.48630257009345795,0.35113732705593736,0.3383347241854999,0.1329432321508391
SID68,2022-05-18,46.61505085299242,14.969648641415755,Slovenia,Europe,Southern Europe,contains,0.0396,0.9404,986036,0.7219,0.7511,0.7475,0.7626,0.6202,0.721855647301681,0.7510552361545739,0.747505658669081,0.7626410981174602,0.6202303899806061
SID69,2021-08-29,69.78200575306846,-126.9144628511642,Canada,North America,Northern America,contains,0.115,1.0,1048576,0.6815,0.7369,0.7313,0.721,0.3398,0.6814935839773832,0.7369210363191607,0.7313325665352473,0.7209531592533499,0.3397632002190056
SID72,2021-09-05,64.08897454901113,-94.41852377545396,Canada,North America,Northern America,contains,0.8837,1.0,1048576,0.9872,0.9881,0.9878,0.9889,0.9542,0.987170899269588,0.98810141405357,0.9877894378421829,0.9888664425381797,0.9541792128717301
SID78,2022-04-26,29.84669803204562,-89.97481897054675,United States of America,North America,Northern America,contains,0.2562,1.0,1048576,0.9257,0.9274,0.923,0.9237,0.8776,0.9257373676873768,0.9274322001192857,0.9230012240242579,0.9237190157472089,0.8776088664302851
SID79,2022-06-16,31.789638118275786,50.1253803636758,Iran,Asia,Southern Asia,contains,0.2396,0.7295,764896,0.7901,0.9205,0.8516,0.8627,0.8742,0.7901232100965938,0.9204922893194946,0.8515656329367731,0.8626692456479691,0.8741670341006464
SID80,2021-09-22,3.4950875173658003,102.42540384340748,Malaysia,Asia,South-Eastern Asia,contains,0.0874,1.0,1048534,0.8681,0.8826,0.8799,0.878,0.8019,0.8680532380597161,0.8825667157068113,0.8798878875761528,0.8780092412829075,0.8018911390814467
SID81,2022-06-18,-8.680613894605614,-52.30276183985554,Brazil,South America,South America,contains,0.2827,1.0,1048576,0.9692,0.9808,0.9748,0.9749,0.921,0.9692231672158829,0.9807640071286131,0.974784857097742,0.974851292309312,0.9209917814011258
SID83,2022-05-05,15.529534054708718,105.59200869354636,Thailand,Asia,South-Eastern Asia,contains,0.1475,1.0,1048576,0.5331,0.9444,0.9416,0.9424,0.9189,0.5331399269636472,0.9444048730166528,0.9416179073655226,0.9423655515398635,0.9189458134777153
SID85,2022-06-09,20.299668186034697,-103.26954142659176,Mexico,North America,Central America,contains,0.3576,0.9834,1031176,0.9825,0.9807,0.9794,0.9799,0.9811,0.9825008779700285,0.9806938396558262,0.9794489239939298,0.9799096351696366,0.9811261980830671
SID87,2022-05-13,14.645589830617167,-88.58853819794084,Honduras,North America,Central America,contains,0.0216,0.9509,997063,0.2117,0.3802,0.3885,0.3937,0.0451,0.21172719025758033,0.38016298520265923,0.3885416898338634,0.3936676681303444,0.04505373985523141
SID89,2022-06-15,31.293393940319948,77.01771031379728,India,Asia,Southern Asia,contains,0.0718,0.6712,703771,0.375,0.9265,0.9249,0.9292,0.4786,0.37500767483268865,0.9265236076259699,0.9248715876955041,0.9291722769983639,0.47855013675056085
SID90,2022-06-13,28.913611778477502,81.18709305983376,Nepal,Asia,Southern Asia,contains,0.0381,0.6264,656776,0.4199,0.771,0.7456,0.7493,0.1302,0.4198686708049043,0.7710475063481498,0.7456344168443242,0.7493198507283014,0.13016575134812752
SID91,2023-12-18,27.92100176021404,-99.91087609421643,United States of America,North America,Northern America,contains,0.0356,1.0,1048576,0.6143,0.5317,0.5463,0.5547,0.5353,0.6143497757847534,0.5316599951566262,0.5462704048019911,0.5547261832185925,0.5352535324417561
SID92,2023-12-19,37.17675267326827,-110.87268179600356,United States of America,North America,Northern America,contains,0.437,0.8728,915236,0.6365,0.6767,0.6473,0.6491,0.5777,0.6364881130921543,0.6767242420582196,0.6473292991484936,0.6491235381066658,0.5776732791213128
SID93,2023-12-20,-22.28084812366809,-69.56173924123584,Chile,South America,South America,contains,0.0299,1.0,1048576,0.0004,0.0,0.0,0.0,0.0,0.00044190969031096994,0.0,0.0,0.0,0.0
SID97,2023-12-24,41.42555845002574,61.06323071894518,Uzbekistan,Asia,Central Asia,contains,0.1982,1.0,1048576,0.4199,0.6744,0.6463,0.6491,0.4263,0.41993746993746994,0.6743835248269838,0.6463007223372746,0.6490992183711998,0.42633739671515153
SID98,2023-06-23,45.75404912246692,62.31109928020295,Kazakhstan,Asia,Central Asia,contains,0.0674,1.0,1048576,0.207,0.4619,0.4728,0.4697,0.2584,0.20701086545491215,0.46187687643054604,0.4728474324196944,0.4697433309149028,0.2584350627331299
SID99,2023-08-27,41.07375999489045,86.54933959908504,China,Asia,Eastern Asia,contains,0.0054,1.0,1048576,0.0,0.005,0.002,0.0019,0.0062,0.0,0.005040070833427929,0.0019771906699524327,0.0018918856562766767,0.0062457569585879155
SID100,2022-11-12,-12.177128080674064,-75.83837771861735,Peru,South America,South America,contains,0.0396,0.839,879736,0.1432,0.8228,0.7685,0.7832,0.5753,0.14315200440326575,0.8227608008429926,0.7685315138298102,0.7831977077363896,0.5753223465118265
