ablation,value,seeds,threshold,per_scene_water_iou_mean,per_scene_water_iou_std,recall_mean,recall_std
aef_width,0,3,0.5,0.389,0.088,0.497,0.130
aef_width,1,3,0.5,0.489,0.027,0.647,0.050
aef_width,2,3,0.5,0.597,0.037,0.787,0.034
aef_width,3,3,0.5,0.665,0.009,0.841,0.008
aef_width,4,3,0.5,0.671,0.010,0.844,0.008
aef_width,8,3,0.5,0.685,0.008,0.858,0.004
aef_width,16,3,0.5,0.707,0.004,0.875,0.002
training_tiles,1000,3,0.5,0.476,0.016,0.683,0.042
training_tiles,2000,3,0.5,0.626,0.010,0.814,0.008
training_tiles,3000,3,0.5,0.699,0.007,0.869,0.005
training_tiles,3742,3,0.5,0.701,0.003,0.870,0.003
