sample_id,threshold,label_water_fraction,common_valid_fraction,paper_common_valid_fraction,valid10_s1aef_t_fraction,S1-only iou_3m,S1-only iou_10m,S1-only delta,S1+AEF(t) iou_3m,S1+AEF(t) iou_10m,S1+AEF(t) delta,S1+AEF(t-1) swap iou_3m,S1+AEF(t-1) swap iou_10m,S1+AEF(t-1) swap delta,S1+AEF(t-1) trained iou_3m,S1+AEF(t-1) trained iou_10m,S1+AEF(t-1) trained delta,S1-only seed 42 iou_3m,S1-only seed 42 iou_10m,S1-only seed 42 delta,S1-only seed 43 iou_3m,S1-only seed 43 iou_10m,S1-only seed 43 delta,S1-only seed 44 iou_3m,S1-only seed 44 iou_10m,S1-only seed 44 delta,S1+AEF(t) seed 42 iou_3m,S1+AEF(t) seed 42 iou_10m,S1+AEF(t) seed 42 delta,S1+AEF(t) seed 43 iou_3m,S1+AEF(t) seed 43 iou_10m,S1+AEF(t) seed 43 delta,S1+AEF(t) seed 44 iou_3m,S1+AEF(t) seed 44 iou_10m,S1+AEF(t) seed 44 delta,OPERA iou,S1-only iou_10m_nomargin,S1+AEF(t) iou_10m_nomargin,S1+AEF(t-1) swap iou_10m_nomargin,S1+AEF(t-1) trained iou_10m_nomargin,S1-only iou_10m_daymosaic,S1+AEF(t) iou_10m_daymosaic,S1+AEF(t-1) swap iou_10m_daymosaic,S1+AEF(t-1) trained iou_10m_daymosaic
SID03,0.3,0.34037017822265625,1.0,1.0,1.0,0.8202422919114726,0.8646946708009962,0.04445237888952358,0.9216880008325529,0.9036083935350389,-0.01807960729751401,0.8729827967607586,0.8915363491358755,0.01855355237511691,0.8660980108206446,0.8935847208619001,0.02748671004125547,0.8202422919114726,0.8646946708009962,0.04445237888952358,0.8437997469566975,0.8612733771899523,0.017473630233254878,0.7521703694843687,0.8619134179908388,0.1097430485064701,0.9216880008325529,0.9036083935350389,-0.01807960729751401,0.9123001357443226,0.8902041440913371,-0.02209599165298548,0.9248696360673547,0.9058289642037278,-0.0190406718636269,0.7793266853573015,0.8632038744238196,0.9039227964783986,0.889571359627956,0.8932462704871122,,,,
SID04,0.3,0.1558551788330078,1.0,1.0,1.0,0.6916839916839916,0.7712781871571832,0.07959419547319158,0.8229360455401206,0.7711924715079289,-0.05174357403219165,0.8155370297924392,0.7644115945078647,-0.05112543528457458,0.8179085105084783,0.7642060317175122,-0.053702478790966124,0.6916839916839916,0.7712781871571832,0.07959419547319158,0.7441708459832745,0.7663853395915372,0.022214493608262664,0.6626551703051428,0.7700315684138945,0.10737639810875177,0.8229360455401206,0.7711924715079289,-0.05174357403219165,0.8224341985138298,0.7749455279085407,-0.04748867060528916,0.8225009184729969,0.7722028932429957,-0.05029802523000115,0.5468270876091397,0.769882634438678,0.7705949291700345,0.7634959002796341,0.7636424328806608,,,,
SID05,0.3,0.5309514999389648,1.0,1.0,1.0,0.82280348544889,0.9116649249924472,0.08886143954355719,0.9495501724123031,0.9373009345288262,-0.012249237883476871,0.9465075427744098,0.9334519417214263,-0.013055601052983534,0.947128578044751,0.933176104599193,-0.013952473445558056,0.82280348544889,0.9116649249924472,0.08886143954355719,0.863079434589605,0.9089303754322275,0.045850940842622534,0.5531708326938247,0.9141509308995053,0.36098009820568056,0.9495501724123031,0.9373009345288262,-0.012249237883476871,0.9445387798053237,0.9325858368918399,-0.01195294291348381,0.9468405232835115,0.9348299530719025,-0.012010570211609006,0.9183667838685592,0.9142971167969636,0.9382623591345852,0.9342212562339938,0.9339487822470289,0.931704059420578,0.9479354204746918,0.9446812944307231,0.9447903949991622
SID06,0.3,0.7157869338989258,1.0,1.0,1.0,0.3373381292108894,0.9441264886853518,0.6067883594744623,0.9695064735155196,0.9693865224013867,-0.00011995111413287685,0.9701094377708733,0.970121255462017,1.1817691143667375e-05,0.9667444697333749,0.9683093427200536,0.0015648729866787336,0.3373381292108894,0.9441264886853518,0.6067883594744623,0.6755725894852228,0.9436873821488913,0.26811479266366844,0.22740151142038564,0.9420855814741642,0.7146840700537785,0.9695064735155196,0.9693865224013867,-0.00011995111413287685,0.9705510015118146,0.9700747152119544,-0.00047628629986018467,0.9703078548599854,0.9707024374284312,0.0003945825684458226,0.9512352241424964,0.939392460154846,0.9691510731632336,0.969790057137597,0.9665836163600362,,,,
SID100,0.3,0.03957557678222656,0.8389816284179688,0.8389816284179688,1.0,0.22667072923014422,0.14315200440326575,-0.08351872482687847,0.8073120517635347,0.8227608008429926,0.015448749079457924,0.7241952607014803,0.7685315138298102,0.044336253128329894,0.7340895668289107,0.7831977077363896,0.04910814090747895,0.22667072923014422,0.14315200440326575,-0.08351872482687847,0.24919953513744278,0.08788327501485471,-0.16131626012258807,0.1617981830946961,0.19652562923321348,0.03472744613851739,0.8073120517635347,0.8227608008429926,0.015448749079457924,0.7795991202224344,0.8255398584960014,0.04594073827356704,0.7740067087526303,0.8204406938584153,0.046433985105785,0.5753223465118265,0.1362892632452239,0.8227255621413115,0.7884136027775305,0.7784424141879104,,,,
SID14,0.3,0.12149524688720703,1.0,1.0,1.0,0.42182000611424225,0.8327995893906645,0.4109795832764222,0.8672980451263131,0.8465054385558899,-0.020792606570423255,0.49163066002812633,0.7500751142042493,0.258444454176123,0.5360048207291352,0.7920087432831548,0.2560039225540196,0.42182000611424225,0.8327995893906645,0.4109795832764222,0.631798410314182,0.8328613510552005,0.2010629407410185,0.4142694735191501,0.8329789403163321,0.418709466797182,0.8672980451263131,0.8465054385558899,-0.020792606570423255,0.8646880651331016,0.8480947289561922,-0.01659333617690939,0.8644790081294778,0.8462350966547054,-0.018243911474772334,0.7321839160790289,0.8307932560224414,0.8477023562977016,0.7548564711705024,0.7896129909149439,,,,
SID15,0.3,0.7517671585083008,1.0,1.0,1.0,0.35702569502147063,0.8995170843970471,0.5424913893755765,0.8800134868993975,0.925404633860147,0.04539114696074953,0.8930586949009478,0.9280109049016637,0.03495221000071591,0.8909817745223175,0.9356732803020474,0.04469150577972991,0.35702569502147063,0.8995170843970471,0.5424913893755765,0.7236411795599104,0.9228916476691199,0.19925046810920954,0.2622795055087944,0.8874032840656411,0.6251237785568466,0.8800134868993975,0.925404633860147,0.04539114696074953,0.852850455105589,0.903616529759414,0.05076607465382499,0.8556913547681155,0.9024415377428485,0.04675018297473299,0.8255498549376266,0.9053752380808321,0.9234531107917046,0.927548906138401,0.9353347080935138,,,,
SID17,0.3,0.03556060791015625,1.0,1.0,1.0,0.3179201387976131,0.6417088746972033,0.3237887358995902,0.6674170766689058,0.6057371911187358,-0.06167988555017001,0.6604044427697332,0.5991263386089877,-0.06127810416074553,0.6938829787234042,0.6241574088295022,-0.069725569893902,0.3179201387976131,0.6417088746972033,0.3237887358995902,0.5054495912806539,0.6291164586834483,0.12366686740279442,0.23460797508774708,0.6408923026037743,0.40628432751602717,0.6674170766689058,0.6057371911187358,-0.06167988555017001,0.6473258268824771,0.6195281073589561,-0.027797719523520947,0.630795776813476,0.6161661964261722,-0.014629580387303776,0.2738246829317985,0.6306942312900605,0.6028762333163693,0.5968855041163957,0.6229075490012431,,,,
SID18,0.3,0.05180835723876953,1.0,1.0,1.0,0.8252341432523415,0.8767679053453376,0.051533762092996094,0.6762753863203377,0.8204458271664603,0.14417044084612263,0.9422565795188048,0.8767611884895338,-0.06549539102927104,0.9421840797748514,0.8762944801109784,-0.06588959966387298,0.8252341432523415,0.8767679053453376,0.051533762092996094,0.7250899839546683,0.8320065037657417,0.10691651981107342,0.890380272784753,0.8902905763892311,-8.969639552180997e-05,0.6762753863203377,0.8204458271664603,0.14417044084612263,0.5944928424462637,0.8386723272867619,0.24417948484049823,0.6184360340665847,0.8473452707761417,0.2289092367095571,0.5439342327602392,0.8595164723448867,0.7786254068858712,0.8761600413176456,0.8758351353968306,,,,
SID21,0.3,0.28956127166748047,0.9789228439331055,0.9789228439331055,1.0,0.8805611084519777,0.8962002443631248,0.015639135911147184,0.9183291209898748,0.9113679149828604,-0.006961206007014442,0.9123950103566185,0.9084309469513108,-0.0039640634053077495,0.9132957805698456,0.9070968411034785,-0.0061989394663670705,0.8805611084519777,0.8962002443631248,0.015639135911147184,0.8649437949571966,0.8929916494200317,0.028047854462835087,0.818569643390632,0.8955082368743333,0.07693859348370136,0.9183291209898748,0.9113679149828604,-0.006961206007014442,0.9021366760335517,0.905889639844789,0.003752963811237242,0.913944293982511,0.9116504884126512,-0.002293805569859808,0.837638821097794,0.899873543767907,0.91133249547865,0.9067174070022882,0.9067817787312887,0.9126653552154813,0.9224645732339377,0.9196562921948913,0.9195774813240319
SID22,0.3,0.2617511749267578,0.8130722045898438,0.8130722045898438,1.0,0.7352222193802047,0.878050824669905,0.14282860528970032,0.9123807863307472,0.8885998619887155,-0.023780924342031606,0.9134147496640787,0.890768362273596,-0.022646387390482636,0.9148959381752405,0.8882025062384724,-0.026693431936768097,0.7352222193802047,0.878050824669905,0.14282860528970032,0.8057956884411223,0.8463695268793057,0.04057383843818341,0.7439327883410136,0.878865854250619,0.1349330659096054,0.9123807863307472,0.8885998619887155,-0.023780924342031606,0.9085510070120967,0.8908905171916416,-0.017660489820455094,0.9031285324363817,0.8868352558714212,-0.01629327656496049,0.764038677461293,0.8795517027081117,0.8912696688705758,0.8931469838746542,0.8886996179139323,,,,
SID23,0.3,0.12488937377929688,0.9767646789550781,0.9767646789550781,1.0,0.005860322658903445,0.023253024692283474,0.01739270203338003,0.9018788099679123,0.8694649215184795,-0.032413888449432715,0.8321480642019011,0.8329169746870937,0.0007689104851925643,0.832436117145642,0.8526447291826096,0.020208612036967555,0.005860322658903445,0.023253024692283474,0.01739270203338003,0.0530320032317429,0.03823066870445434,-0.01480133452728856,0.004059068534645967,0.015001015106285388,0.01094194657163942,0.9018788099679123,0.8694649215184795,-0.032413888449432715,0.8980864435939749,0.8629264550494304,-0.035159988544544496,0.8997331300038124,0.8544261436386916,-0.04530698636512076,0.8507856841639533,0.017031776149513646,0.8651490499365668,0.8302271385119475,0.8572096391888333,,,,
SID25,0.3,0.10102176666259766,0.2822580337524414,0.2822580337524414,0.2822580337524414,0.20413595413595415,0.6860897360009471,0.481953781864993,0.8359077978358547,0.7888967647207736,-0.047011033115081036,0.8239759193822798,0.7815882220611393,-0.04238769732114045,0.8234919961836107,0.7887443004252267,-0.03474769575838399,0.20413595413595415,0.6860897360009471,0.481953781864993,0.4474573383684943,0.6930767007130468,0.24561936234455256,0.09979142798390177,0.7021916092673763,0.6024001812834746,0.8359077978358547,0.7888967647207736,-0.047011033115081036,0.809959684576181,0.780713047784105,-0.029246636792075953,0.8093157545096837,0.7906924007256602,-0.018623353784023577,0.6924255456402537,0.5936436995654872,0.791078975507918,0.7796707695386771,0.786818239877379,,,,
SID26,0.3,0.01950550079345703,1.0,1.0,1.0,0.002064475146895347,0.0,-0.002064475146895347,0.5247316183917359,0.2683161071983902,-0.25641551119334566,0.5289950036858055,0.2703508369639991,-0.25864416672180646,0.5424511684346499,0.2510203145778878,-0.2914308538567621,0.002064475146895347,0.0,-0.002064475146895347,0.0035507219953325553,0.0,-0.0035507219953325553,1.924557351809084e-05,0.0,-1.924557351809084e-05,0.5247316183917359,0.2683161071983902,-0.25641551119334566,0.520572926560541,0.23225836259471447,-0.28831456396582655,0.5563870776526378,0.26740934305230823,-0.2889777346003296,0.18705729292150533,0.0,0.2752521825666079,0.28457884158596747,0.2788817631650257,,,,
SID27,0.3,0.009374618530273438,0.7481441497802734,0.7481441497802734,1.0,0.00553959786622897,0.11564333762702161,0.11010373976079264,0.4987929832090553,0.47411120297643655,-0.024681780232618744,0.46412741707661587,0.4338381733129545,-0.030289243763661378,0.4685349806639546,0.44684579439252337,-0.021689186271431238,0.00553959786622897,0.11564333762702161,0.11010373976079264,0.01136953886997172,0.08928571428571429,0.07791617541574257,0.0,0.07694818441452468,0.07694818441452468,0.4987929832090553,0.47411120297643655,-0.024681780232618744,0.4838792615827634,0.5044904108001622,0.020611149217398816,0.4588257629692914,0.4808433107756377,0.022017547806346294,0.09400247124798022,0.11021296440230063,0.4670254353454841,0.43169473732256153,0.44357643023865095,,,,
SID28,0.3,0.5003395080566406,0.9992942810058594,0.9992942810058594,1.0,0.8258854765841059,0.9683708143876519,0.142485337803546,0.7006080062389747,0.7711633212215284,0.07055531498255374,0.7286924636795467,0.767468837907382,0.03877637422783531,0.7375929997806808,0.7858693193648264,0.04827631958414558,0.8258854765841059,0.9683708143876519,0.142485337803546,0.9421511500714336,0.9646780107034091,0.02252686063197551,0.48015714996122694,0.9673611201769485,0.4872039702157216,0.7006080062389747,0.7711633212215284,0.07055531498255374,0.6984348437306552,0.768614558794229,0.07017971506357379,0.6902438543057684,0.7629531926898752,0.07270933838410676,0.7909489979788185,0.9690027331324683,0.7642579846316326,0.766195586931663,0.7855963128285833,,,,
SID31,0.3,0.032530784606933594,1.0,1.0,1.0,0.0,0.16891210947859758,0.16891210947859758,0.31474807265436666,0.29201761318730945,-0.022730459467057207,0.2761056511056511,0.2571546873858295,-0.018950963719821634,0.27283925272018067,0.25766570181033216,-0.01517355090984851,0.0,0.16891210947859758,0.16891210947859758,0.0004336137368831845,0.15460534814623433,0.15417173440935114,0.0,0.15292889758643183,0.15292889758643183,0.31474807265436666,0.29201761318730945,-0.022730459467057207,0.32949941792782306,0.2903967388728255,-0.039102679054997536,0.32773472124366465,0.29044997328501404,-0.03728474795865061,0.0,0.17438483875897906,0.2887472020619955,0.25251228902825873,0.2520049728201253,,,,
SID33,0.3,0.2694711685180664,0.9998092651367188,0.9998092651367188,1.0,0.05480262202658148,0.15701677956097698,0.1022141575343955,0.7022811119403777,0.6430494064522957,-0.05923170548808199,0.7894484194002761,0.7234718929013576,-0.0659765264989185,0.7692072892618815,0.7093562327721433,-0.05985105648973821,0.05480262202658148,0.15701677956097698,0.1022141575343955,0.1440855036228548,0.31179242974120147,0.16770692611834667,0.046381913284910384,0.20153668655031054,0.15515477326540017,0.7022811119403777,0.6430494064522957,-0.05923170548808199,0.7053976991325758,0.5889047193124489,-0.11649297982012685,0.7307628392115265,0.6200590720877319,-0.1107037671237946,0.6120475202767423,0.12937098547131312,0.6504822515892783,0.7250722214838804,0.7103676545117105,,,,
SID36,0.3,0.15427589416503906,1.0,1.0,1.0,0.6750114567054041,0.7338816372027127,0.05887018049730863,0.7488252254462916,0.7933913830686948,0.044566157622403235,0.7091125875028425,0.782793525898201,0.0736809383953585,0.7125671886670013,0.7861423742987561,0.0735751856317548,0.6750114567054041,0.7338816372027127,0.05887018049730863,0.7018297302022026,0.7350998806248495,0.033270150422646916,0.6672918339477556,0.7320990269890401,0.06480719304128446,0.7488252254462916,0.7933913830686948,0.044566157622403235,0.7986113209371468,0.7985916981841246,-1.962275302225258e-05,0.7712562213330731,0.7915567913415253,0.0203005700084522,0.4337439046960752,0.7308752152810396,0.7898678519083424,0.7767595987630321,0.7818199778037316,,,,
SID37,0.3,0.8606128692626953,1.0,1.0,1.0,0.578195370938475,0.9587649180524499,0.38056954711397495,0.9708477375316525,0.9711554558911641,0.00030771835951159954,0.9746188166913322,0.974849159505276,0.00023034281394374023,0.9775160190031333,0.9740585682824187,-0.003457450720714683,0.578195370938475,0.9587649180524499,0.38056954711397495,0.9257069527544584,0.9573749388258825,0.03166798607142418,0.5465509439722614,0.9582317285212153,0.41168078454895385,0.9708477375316525,0.9711554558911641,0.00030771835951159954,0.9754235300050208,0.9721862353071744,-0.0032372946978463935,0.9771714995493218,0.9712371633831371,-0.005934336166184662,0.9138895661435409,0.9596750159426343,0.9720472583985388,0.9748160284904274,0.974251681666269,,,,
SID39,0.3,0.30914878845214844,1.0,1.0,1.0,0.7183248037792486,0.9040857122312504,0.18576090845200188,0.9480503202335642,0.9377988153005334,-0.01025150493303073,0.9444548576680292,0.9279199005791732,-0.016534957088855995,0.9447302402901617,0.9208489272182059,-0.023881313071955845,0.7183248037792486,0.9040857122312504,0.18576090845200188,0.8578280054250769,0.8918306812131865,0.03400267578810967,0.4547814359088054,0.9047833740634701,0.4500019381546647,0.9480503202335642,0.9377988153005334,-0.01025150493303073,0.9519977474818119,0.9378742002423462,-0.014123547239465628,0.9537298592465785,0.9417417973981251,-0.011988061848453357,0.8839747884710026,0.9064929920692555,0.9379815891213314,0.9286177140662247,0.9216195089632085,,,,
SID40,0.3,0.5839300155639648,1.0,1.0,1.0,0.9000694109519403,0.9719389295509656,0.07186951859902535,0.9891789329171551,0.9815244493974841,-0.007654483519671018,0.9867369127430168,0.9772621698632761,-0.009474742879740705,0.9877103526025658,0.9765775796885519,-0.011132772914013933,0.9000694109519403,0.9719389295509656,0.07186951859902535,0.938810528509286,0.9660722121725844,0.027261683663298397,0.7393844885375778,0.9694120368316655,0.23002754829408778,0.9891789329171551,0.9815244493974841,-0.007654483519671018,0.9894287851847533,0.9835109656416857,-0.005917819543067582,0.9892603325184958,0.9823959993387867,-0.006864333179709026,0.9234611666129552,0.9719962151009812,0.9823023051295713,0.9780144642523368,0.9773100617655464,,,,
SID44,0.3,0.19296741485595703,0.8652458190917969,0.8652458190917969,1.0,0.5502889513710925,0.6846128830519075,0.13432393168081502,0.9190319689273977,0.8930735128508503,-0.025958456076547343,0.9187199342954359,0.8938047633747299,-0.024915170920705942,0.9205281136208815,0.8963635064656712,-0.024164607155210294,0.5502889513710925,0.6846128830519075,0.13432393168081502,0.7189271763535889,0.7527940444750642,0.03386686812147521,0.49562768715060534,0.7122586199219272,0.21663093277132184,0.9190319689273977,0.8930735128508503,-0.025958456076547343,0.917006689698646,0.893566795010304,-0.023439894688341956,0.8995871741761422,0.8810259579728059,-0.018561216203336284,0.7056887339937309,0.6871123741150663,0.8927002132884905,0.89370684496956,0.8965842503930256,,,,
SID46,0.3,0.6006736755371094,1.0,1.0,1.0,0.10986397793208409,0.3743554094851119,0.26449143155302784,0.8274683752258912,0.8007831301971242,-0.026685245028767013,0.8266111556733895,0.7965700842688828,-0.030041071404506736,0.8254464071177993,0.7787487712399944,-0.046697635877804844,0.10986397793208409,0.3743554094851119,0.26449143155302784,0.2030373839173482,0.4179645799478333,0.2149271960304851,0.09153513972821642,0.33034002981472277,0.23880489008650635,0.8274683752258912,0.8007831301971242,-0.026685245028767013,0.8211849110730158,0.8130061023489864,-0.00817880872402943,0.821707888522246,0.8064889285118508,-0.015218960010395133,0.4751186877967195,0.36718274158520003,0.7967648003188698,0.7936658374907933,0.77828804515539,,,,
SID50,0.3,0.008924484252929688,0.5725526809692383,0.5725526809692383,0.5743131637573242,0.0014828544949026877,0.0,-0.0014828544949026877,0.05381646655231561,0.03324753324753325,-0.020568933304782364,0.13386994280872697,0.12869198312236288,-0.005177959686364086,0.09123931623931623,0.06527303754266212,-0.02596627869665412,0.0014828544949026877,0.0,-0.0014828544949026877,0.002030269472129937,0.0,-0.002030269472129937,0.0021688053497198627,0.0,-0.0021688053497198627,0.05381646655231561,0.03324753324753325,-0.020568933304782364,0.08222698072805139,0.025954525954525954,-0.05627245477352544,0.11724433033804023,0.04716981132075472,-0.07007451901728551,0.0,0.0,0.041389663306883984,0.1494132439228835,0.08221512247071353,,,,
SID51,0.3,0.03080272674560547,0.9998092651367188,0.9998092651367188,1.0,0.18709935897435898,0.5725476232864518,0.38544826431209284,0.747030998389694,0.6691906682707051,-0.07784033011898894,0.7470433804225528,0.6701084150748581,-0.07693496534769473,0.7642312746386334,0.6990468215068595,-0.0651844531317739,0.18709935897435898,0.5725476232864518,0.38544826431209284,0.3202012501905778,0.5794904797834095,0.2592892295928317,0.12215848084179526,0.5812590187590188,0.4591005379172235,0.747030998389694,0.6691906682707051,-0.07784033011898894,0.7101599491178064,0.6642284262765482,-0.04593152284125823,0.7311387771811111,0.6814399071027676,-0.049698870078343504,0.33763716603053434,0.5817039106145251,0.6660851113992692,0.6634389946544125,0.695140639675713,,,,
SID52,0.3,0.14620304107666016,1.0,1.0,1.0,0.8006787673100815,0.846673618106734,0.04599485079665255,0.9057962149664192,0.8734568628374876,-0.032339352128931576,0.7891547888286962,0.7820950009937342,-0.0070597878349619725,0.812133784422228,0.797821010841513,-0.014312773580714921,0.8006787673100815,0.846673618106734,0.04599485079665255,0.774089769983771,0.8273409296028881,0.05325115961911708,0.7651817689949244,0.8426305045202683,0.07744873552534393,0.9057962149664192,0.8734568628374876,-0.032339352128931576,0.8936390194640474,0.8651468000046622,-0.028492219459385293,0.8978393980749024,0.8766832327535203,-0.021156165321382092,0.7781947204087426,0.8477581497429536,0.8741368431604956,0.7864247205785667,0.7965503995902733,,,,
SID53,0.3,0.44852256774902344,1.0,1.0,1.0,0.07604673622014797,0.7933644818724296,0.7173177456522816,0.8229281124096827,0.8357331985707575,0.012805086161074786,0.8358365872966458,0.8445922497514102,0.008755662454764446,0.8267113215645162,0.855305735580924,0.028594414016407832,0.07604673622014797,0.7933644818724296,0.7173177456522816,0.5009887321841654,0.8688130620777302,0.36782432989356484,0.046093358402615775,0.8460803918709159,0.7999870334683001,0.8229281124096827,0.8357331985707575,0.012805086161074786,0.8049208325981606,0.8367312402582944,0.031810407660133766,0.8017537333806547,0.8336880446030932,0.031934311222438505,0.7685074459939606,0.8831669864870845,0.8306415377376181,0.8401638317593126,0.8496025506243565,,,,
SID55,0.3,0.45955371856689453,1.0,1.0,1.0,0.18952193968968015,0.589951901514097,0.4004299618244169,0.5569113348827587,0.5635487371882734,0.006637402305514684,0.5574325184103797,0.5629581774191476,0.005525659008767891,0.552421185372005,0.5667254314151876,0.014304246043182589,0.18952193968968015,0.589951901514097,0.4004299618244169,0.4702616624674149,0.580727131085196,0.11046546861778112,0.08152505885911175,0.6397199594837337,0.558194900624622,0.5569113348827587,0.5635487371882734,0.006637402305514684,0.5481156842047792,0.5643473331881115,0.016231648983332292,0.5445288566608245,0.561645879299232,0.01711702263840753,0.5256952445098283,0.45816446209510525,0.5656311331474021,0.5655103214373731,0.5692379478577251,,,,
SID59,0.3,0.08392333984375,1.0,1.0,1.0,0.7467907102776303,0.7939097185926883,0.047119008315058,0.851136230296867,0.784491512477422,-0.06664471781944503,0.8315886553143749,0.7639304134976833,-0.06765824181669156,0.8272379060859696,0.7633723423809815,-0.06386556370498808,0.7467907102776303,0.7939097185926883,0.047119008315058,0.8184238789940034,0.7876427168933169,-0.030781162100686488,0.7240981697735674,0.8028582579122452,0.07876008813867774,0.851136230296867,0.784491512477422,-0.06664471781944503,0.8083145361091595,0.7617216117216117,-0.04659292438754781,0.8231845047622633,0.7589628625549589,-0.06422164220730442,0.6899621609099033,0.8003860323116468,0.7860527975493288,0.7648758702219887,0.7662358202922491,,,,
SID61,0.3,0.18422222137451172,1.0,1.0,1.0,0.7620542068132251,0.8247431518438472,0.06268894503062206,0.903486307799045,0.9134666096146,0.009980301815554982,0.9071903286308407,0.9093021067074832,0.0021117780766425343,0.8904095597998162,0.901196219356109,0.010786659556292877,0.7620542068132251,0.8247431518438472,0.06268894503062206,0.8093175645722613,0.8179234566919041,0.0086058921196428,0.7677540334356315,0.822462872677436,0.054708839241804474,0.903486307799045,0.9134666096146,0.009980301815554982,0.92378748208507,0.9183220355634149,-0.0054654465216551484,0.9204824410135725,0.915155677203245,-0.005326763810327484,0.758621714387602,0.8276027913138958,0.9121142032878211,0.9082629238190517,0.8997732403996085,0.8471175518895971,0.9197277003301058,0.9210098331123177,0.9159367432961646
SID63,0.3,0.4858407974243164,0.9999046325683594,0.9999046325683594,1.0,0.803693126627035,0.8654997575988813,0.061806630971846355,0.9368548522122412,0.9314131661063506,-0.005441686105890575,0.93306035979447,0.9322706068265619,-0.0007897529679080639,0.9187807141810366,0.9255402503161364,0.006759536135099831,0.803693126627035,0.8654997575988813,0.061806630971846355,0.8517103506117298,0.860087588523525,0.008377237911795121,0.7451450776495258,0.8646455759619732,0.11950049831244747,0.9368548522122412,0.9314131661063506,-0.005441686105890575,0.9482527995682594,0.9275662996702414,-0.020686499898017963,0.9452979353770702,0.9292003489821044,-0.016097586394965835,0.7768632257407676,0.864885604511697,0.9308488956656954,0.9317092863695291,0.9252083603595473,0.8894627522261473,0.9445683253055976,0.9441261352208407,0.9397988123301653
SID64,0.3,0.06157684326171875,1.0,1.0,1.0,0.7966888872610065,0.7806942704028581,-0.015994616858148403,0.8487846455913913,0.837516073569994,-0.011268572021397305,0.8406339489992273,0.8326707000864304,-0.007963248912796872,0.8470808824641253,0.8283124386321916,-0.018768443831933657,0.7966888872610065,0.7806942704028581,-0.015994616858148403,0.6975102798114532,0.7744643776484099,0.07695409783695673,0.8026419882080752,0.7835853883969833,-0.019056599811091868,0.8487846455913913,0.837516073569994,-0.011268572021397305,0.8557867890074401,0.834605085087391,-0.021181703920049144,0.8575172706338625,0.8382082639843693,-0.0193090066494932,0.6421914533826651,0.7859111379982523,0.8425427232233835,0.8381349287021171,0.835366817561256,,,,
SID65,0.3,0.06582260131835938,0.685450553894043,0.685450553894043,1.0,0.6315967666850058,0.8902911107014733,0.2586943440164675,0.9186762197202321,0.9205865549419159,0.0019103352216838232,0.9434841552279275,0.9292616025031358,-0.01422255272479167,0.9433369355022182,0.9404449803025418,-0.0028919551996764437,0.6315967666850058,0.8902911107014733,0.2586943440164675,0.8422605913503972,0.9124528301886793,0.07019223883828207,0.510196299957633,0.8498195967456668,0.3396232967880337,0.9186762197202321,0.9205865549419159,0.0019103352216838232,0.8997026944151879,0.92652971908422,0.026827024669032085,0.9427666105555006,0.9407596213097306,-0.00200698924577003,0.8654893524317847,0.7513952819332567,0.9178812994188816,0.9289262831601235,0.9372207359264914,,,,
SID67,0.3,0.024843215942382812,0.9586772918701172,0.9586772918701172,1.0,0.008169672892704963,0.012149601112493595,0.003979928219788632,0.5121627598407784,0.48630257009345795,-0.02586018974732046,0.25486575723346944,0.35113732705593736,0.09627156982246793,0.24957431542423886,0.3383347241854999,0.08876040876126107,0.008169672892704963,0.012149601112493595,0.003979928219788632,0.010911827417534178,0.030089704047277094,0.019177876629742914,0.009096096398482864,0.013645038167938932,0.004548941769456067,0.5121627598407784,0.48630257009345795,-0.02586018974732046,0.4654195872485406,0.45555799579581463,-0.00986159145272597,0.4804314726255066,0.48095326870494653,0.0005217960794399179,0.1329432321508391,0.03472625266008899,0.46067249734073984,0.35084208771052194,0.338909968954812,,,,
SID68,0.3,0.03959083557128906,0.9403572082519531,0.9403572082519531,1.0,0.3969321043269342,0.721855647301681,0.32492354297474674,0.8021335302347272,0.7510552361545739,-0.0510782940801533,0.7932094614069135,0.747505658669081,-0.04570380273783248,0.8125381360102352,0.7626410981174602,-0.049897037892775,0.3969321043269342,0.721855647301681,0.32492354297474674,0.5695818635464166,0.7119363858790633,0.14235452233264667,0.4296596662291393,0.7314942023410452,0.3018345361119059,0.8021335302347272,0.7510552361545739,-0.0510782940801533,0.7936477419106762,0.7690774275281318,-0.024570314382544423,0.7874446818251183,0.7600014728353922,-0.027443208989726076,0.6202303899806061,0.6830022075055188,0.7541974970311501,0.7500317956358219,0.761080383480826,,,,
SID69,0.3,0.11496448516845703,1.0,1.0,1.0,0.44197308544034264,0.6814935839773832,0.2395204985370406,0.7629055309418322,0.7369210363191607,-0.025984494622671495,0.7494090681183296,0.7313325665352473,-0.018076501583082383,0.7420073884784179,0.7209531592533499,-0.021054229225067944,0.44197308544034264,0.6814935839773832,0.2395204985370406,0.6753790502578312,0.6768726636633758,0.0014936134055446582,0.39878447113118937,0.6974091381751212,0.2986246670439318,0.7629055309418322,0.7369210363191607,-0.025984494622671495,0.7289100085981136,0.7294078492279983,0.0004978406298846716,0.7208884639239198,0.7365045394728097,0.015616075548889885,0.3397632002190056,0.6771784896461724,0.7341171768310961,0.7288439133184648,0.7160473805755209,,,,
SID72,0.3,0.8837347030639648,1.0,1.0,1.0,0.981713339342629,0.987170899269588,0.005457559926958955,0.9867608500655489,0.98810141405357,0.0013405639880210707,0.9848985686112898,0.9877894378421829,0.0028908692308931005,0.9841758564218966,0.9888664425381797,0.004690586116283035,0.981713339342629,0.987170899269588,0.005457559926958955,0.9834203525896672,0.9865282468102227,0.0031078942205554627,0.9707867543042473,0.9871303222294726,0.01634356792522529,0.9867608500655489,0.98810141405357,0.0013405639880210707,0.9887693224211725,0.9884116842754129,-0.00035763814575962005,0.9892965636109017,0.9886661660961741,-0.0006303975147275986,0.9541792128717301,0.9873418264119886,0.988064799390488,0.9878419976877816,0.98890428614344,,,,
SID78,0.3,0.25621509552001953,1.0,1.0,1.0,0.6616799427688179,0.9257373676873768,0.2640574249185589,0.9413726716017107,0.9274322001192857,-0.013940471482424943,0.9347932283923933,0.9230012240242579,-0.011792004368135434,0.9374409387737832,0.9237190157472089,-0.013721923026574268,0.6616799427688179,0.9257373676873768,0.2640574249185589,0.8168712918252465,0.9220622144261645,0.105190922600918,0.3744278178810158,0.9252517815915313,0.5508239637105155,0.9413726716017107,0.9274322001192857,-0.013940471482424943,0.9361467125878666,0.9316825638799787,-0.004464148707887916,0.940067060808416,0.932197514969954,-0.007869545838462,0.8776088664302851,0.9047719730797072,0.9281457325986732,0.9242565638275646,0.9261214181166534,,,,
SID79,0.3,0.23961639404296875,0.729461669921875,0.729461669921875,1.0,0.5862945801514393,0.7901232100965938,0.2038286299451545,0.9098270166176935,0.9204922893194946,0.010665272701801065,0.8449827192069641,0.8515656329367731,0.006582913729809015,0.8524240854320905,0.8626692456479691,0.010245160215878624,0.5862945801514393,0.7901232100965938,0.2038286299451545,0.738932524808811,0.815942495934211,0.07700997112539998,0.4391406654622716,0.7980487843934778,0.3589081189312062,0.9098270166176935,0.9204922893194946,0.010665272701801065,0.9072171791765545,0.9102915845180035,0.0030744053414489825,0.9164996383923959,0.918395596926469,0.0018959585340730944,0.8741670341006464,0.6831099879624684,0.9172277490273422,0.8489000087715268,0.852933559452302,,,,
SID80,0.3,0.08744239807128906,0.9999599456787109,0.9999599456787109,1.0,0.7884156766233624,0.8680532380597161,0.0796375614363537,0.9120804759067175,0.8825667157068113,-0.029513760199906147,0.8936809536087587,0.8798878875761528,-0.013793066032605883,0.8928525434642627,0.8780092412829075,-0.014843302181355211,0.7884156766233624,0.8680532380597161,0.0796375614363537,0.8301574240488513,0.8609455392680322,0.0307881152191809,0.7903055848261328,0.8700035653448481,0.07969798051871535,0.9120804759067175,0.8825667157068113,-0.029513760199906147,0.9063668159906998,0.8886763017690519,-0.017690514221647913,0.905356089464791,0.8855207335431777,-0.01983535592161323,0.8018911390814467,0.8677962411298383,0.8838450877432704,0.8819264174880452,0.8792300135204801,,,,
SID81,0.3,0.28272247314453125,1.0,1.0,1.0,0.9377343728923301,0.9692231672158829,0.03148879432355278,0.9891622936454378,0.9807640071286131,-0.008398286516824727,0.9875315387571642,0.974784857097742,-0.012746681659422165,0.9877371393792659,0.974851292309312,-0.012885847069953882,0.9377343728923301,0.9692231672158829,0.03148879432355278,0.9629362473793136,0.9649143943784882,0.001978146999174646,0.838231921982276,0.9674388989567517,0.1292069769744757,0.9891622936454378,0.9807640071286131,-0.008398286516824727,0.9886830896472221,0.9803589222401355,-0.008324167407086525,0.9882250896681525,0.9790843666632507,-0.009140723004901763,0.9209917814011258,0.969843318938684,0.98141050719112,0.9753846052549275,0.9752280200519402,,,,
SID83,0.3,0.1474590301513672,1.0,1.0,1.0,0.04382596327902767,0.5331399269636472,0.48931396368461955,0.9516869882161874,0.9444048730166528,-0.007282115199534589,0.948938675591088,0.9416179073655226,-0.007320768225565377,0.9460853113387784,0.9423655515398635,-0.0037197597989149234,0.04382596327902767,0.5331399269636472,0.48931396368461955,0.2317844430519577,0.7603737566562845,0.5285893136043268,0.015437148751511703,0.5668171586109214,0.5513800098594097,0.9516869882161874,0.9444048730166528,-0.007282115199534589,0.9445471689999816,0.944456448595823,-9.072040415858407e-05,0.9498907987117949,0.9414679658681562,-0.008422832843638761,0.9189458134777153,0.2314295422054402,0.9455088605727563,0.9435250093858283,0.9420389674857285,,,,
SID85,0.3,0.35761165618896484,0.9834060668945312,0.9834060668945312,1.0,0.9652845411630716,0.9825008779700285,0.01721633680695689,0.987886260469111,0.9806938396558262,-0.00719242081328475,0.9860290095927298,0.9794489239939298,-0.006580085598799967,0.9876719798326234,0.9799096351696366,-0.007762344662986864,0.9652845411630716,0.9825008779700285,0.01721633680695689,0.9785107658357779,0.9818032318968475,0.0032924660610695877,0.7836872157372646,0.9826624900061601,0.1989752742688955,0.987886260469111,0.9806938396558262,-0.00719242081328475,0.9862081662173713,0.9811300514135455,-0.005078114803825806,0.9839774960704717,0.9794310161992175,-0.004546479871254228,0.9811261980830671,0.9835646198531206,0.9813431664014739,0.9801145348426911,0.980478442877351,,,,
SID87,0.3,0.021613121032714844,0.9508733749389648,0.9508733749389648,1.0,0.10867328188166116,0.21172719025758033,0.10305390837591917,0.40904685703982513,0.38016298520265923,-0.028883871837165898,0.4276898245947165,0.3885416898338634,-0.039148134760853104,0.4299177477758327,0.3936676681303444,-0.03625007964548832,0.10867328188166116,0.21172719025758033,0.10305390837591917,0.12441769526335475,0.19197735701737265,0.0675596617540179,0.12095921450151058,0.20397366564777805,0.08301445114626747,0.40904685703982513,0.38016298520265923,-0.028883871837165898,0.36104439451460446,0.3846370165267803,0.023592622012175823,0.388965115795601,0.40317191397242225,0.014206798176821245,0.04505373985523141,0.23010134136179136,0.37195725937322177,0.3840621150800633,0.38646225050621924,,,,
SID89,0.3,0.07184886932373047,0.671168327331543,0.671168327331543,1.0,0.37969364240206044,0.37500767483268865,-0.004685967569371785,0.9419020037340311,0.9265236076259699,-0.015378396108061243,0.9427976735260252,0.9248715876955041,-0.01792608583052102,0.9416742841978003,0.9291722769983639,-0.012502007199436393,0.37969364240206044,0.37500767483268865,-0.004685967569371785,0.6527583471551165,0.727012262106232,0.07425391495111555,0.26821770839611836,0.5680099403273559,0.2997922319312375,0.9419020037340311,0.9265236076259699,-0.015378396108061243,0.944386117970633,0.9279432007534594,-0.016442917217173614,0.9423034573882405,0.9347740553458753,-0.007529402042365185,0.47855013675056085,0.24519252939820152,0.9288277858176556,0.9275916510957575,0.929097232285176,,,,
SID90,0.3,0.03806114196777344,0.6263504028320312,0.6263504028320312,1.0,0.03892522452167122,0.4198686708049043,0.38094344628323307,0.7429133957644446,0.7710475063481498,0.028134110583705185,0.7292610837438424,0.7456344168443242,0.016373333100481835,0.7366045142296369,0.7493198507283014,0.01271533649866452,0.03892522452167122,0.4198686708049043,0.38094344628323307,0.09702780888391191,0.40425425425425426,0.3072264453703424,0.04999876607191333,0.4382969034608379,0.38829813738892455,0.7429133957644446,0.7710475063481498,0.028134110583705185,0.7493567428484941,0.7566551212271153,0.00729837837862124,0.7479225070084101,0.7628364286423677,0.01491392163395755,0.13016575134812752,0.3681109796319142,0.772397989355411,0.7473651432403947,0.749523418836418,,,,
SID91,0.3,0.035605430603027344,1.0,1.0,1.0,0.594113164412269,0.6143497757847534,0.020236611372484337,0.6038539718676316,0.5316599951566262,-0.07219397671100536,0.621901659165715,0.5462704048019911,-0.07563125436372398,0.6370044812133747,0.5547261832185925,-0.08227829799478226,0.594113164412269,0.6143497757847534,0.020236611372484337,0.5954426356256175,0.5781529357783649,-0.017289699847252593,0.5930711926517033,0.6263538215959218,0.03328262894421852,0.6038539718676316,0.5316599951566262,-0.07219397671100536,0.5969137883970005,0.5474918547653291,-0.049421933631671355,0.5809839948883383,0.5373319128106193,-0.04365208207771898,0.5352535324417561,0.6190072557130264,0.5322750869986879,0.5465879457352985,0.5557442750934907,,,,
SID92,0.3,0.4370002746582031,0.8728370666503906,0.8728370666503906,1.0,0.5899715116474503,0.6364881130921543,0.04651660144470393,0.6768184722540618,0.6767242420582196,-9.423019584220427e-05,0.635801447316732,0.6473292991484936,0.011527851831761526,0.6363001012520683,0.6491235381066658,0.012823436854597525,0.5899715116474503,0.6364881130921543,0.04651660144470393,0.6011979642637281,0.6252861412709697,0.02408817700724164,0.5930089524400305,0.6226459636866147,0.029637011246584244,0.6768184722540618,0.6767242420582196,-9.423019584220427e-05,0.6735538401407074,0.6744647182459359,0.0009108781052284964,0.6920888707348029,0.679229707811857,-0.012859162922945866,0.5776732791213128,0.6389127144779527,0.675945049556372,0.6465429900750519,0.6482586649928405,,,,
SID93,0.3,0.029863357543945312,1.0,1.0,1.0,0.0,0.00044190969031096994,0.00044190969031096994,0.0,0.0,0.0,0.0,0.0,0.0,0.0,0.0,0.0,0.0,0.00044190969031096994,0.00044190969031096994,3.737914077815065e-05,0.0024759652918739266,0.002438586151095776,0.0,0.0004269132106130248,0.0004269132106130248,0.0,0.0,0.0,0.0,0.0,0.0,0.0,0.0,0.0,0.0,0.0013259182455148146,0.0,0.0,0.0,,,,
SID97,0.3,0.19820594787597656,1.0,1.0,1.0,0.189900962355187,0.41993746993746994,0.23003650758228295,0.6725073833919055,0.6743835248269838,0.0018761414350783046,0.6292278805409657,0.6463007223372746,0.01707284179630897,0.6152718312028338,0.6490992183711998,0.033827387168365974,0.189900962355187,0.41993746993746994,0.23003650758228295,0.30254991551363275,0.4538112279912682,0.15126131247763547,0.1939696520449987,0.3947167357555068,0.20074708371050812,0.6725073833919055,0.6743835248269838,0.0018761414350783046,0.6406552927491276,0.6876133243537274,0.04695803160459977,0.6065430540724202,0.684184112417551,0.0776410583451308,0.42633739671515153,0.4170687909375692,0.6768536650533871,0.6473445758032045,0.6469164917255105,,,,
SID98,0.3,0.06735420227050781,1.0,1.0,1.0,0.02364195283743882,0.20701086545491215,0.18336891261747335,0.5152132950298088,0.46187687643054604,-0.0533364185992628,0.514493066655147,0.4728474324196944,-0.041645634235452644,0.5085896370185647,0.4697433309149028,-0.038846306103661965,0.02364195283743882,0.20701086545491215,0.18336891261747335,0.04622095872953632,0.2452037183544304,0.19898275962489406,0.027122389783899848,0.21891066239475448,0.19178827261085463,0.5152132950298088,0.46187687643054604,-0.0533364185992628,0.5037308942110964,0.462065799221595,-0.04166509498950138,0.5196625852510669,0.4622507716693084,-0.05741181358175851,0.2584350627331299,0.18439588919823968,0.4706505657963133,0.47989965638636506,0.4744403144492865,,,,
SID99,0.3,0.005398750305175781,1.0,1.0,1.0,0.0,0.0,0.0,0.02137851503592655,0.005040070833427929,-0.016338444202498623,0.020234627194709077,0.0019771906699524327,-0.018257436524756643,0.01612569774653711,0.0018918856562766767,-0.014233812090260435,0.0,0.0,0.0,0.0,0.0,0.0,0.0,0.0,0.0,0.02137851503592655,0.005040070833427929,-0.016338444202498623,0.027345763876954803,0.007129207702484198,-0.020216556174470605,0.025439616062389862,0.00903387703889586,-0.016405739023494,0.0062457569585879155,0.0,0.006312877824622454,0.0032213004931725534,0.00224352918949556,,,,
SID03,0.5,0.34037017822265625,1.0,1.0,1.0,0.8015011743596745,0.8704310813972748,0.06892990703760027,0.9166599841278181,0.9100920943373845,-0.006567889790433656,0.8519927070167,0.8809372267298348,0.02894451971313472,0.84346719615191,0.8869996311405465,0.04353243498863646,0.8015011743596745,0.8704310813972748,0.06892990703760027,0.8322549817620144,0.8682004066024746,0.03594542484046015,0.652953230640552,0.8671845873525134,0.21423135671196136,0.9166599841278181,0.9100920943373845,-0.006567889790433656,0.9178311830403085,0.9009610979133397,-0.01687008512696886,0.9238842408448772,0.9114069953380647,-0.012477245506812507,0.7793266853573015,0.8685216730920349,0.9094977314378716,0.8787126314594735,0.884393063583815,,,,
SID04,0.5,0.1558551788330078,1.0,1.0,1.0,0.6604266301356458,0.7817830577224857,0.12135642758683984,0.8268734289977928,0.7837593082567306,-0.043114120741062245,0.8206888788833858,0.7772213238435703,-0.043467555039815475,0.8234696771997504,0.7768904186935371,-0.04657925850621325,0.6604266301356458,0.7817830577224857,0.12135642758683984,0.724340283508463,0.7790843006148379,0.05474401710637489,0.6288773912618034,0.7797610308649644,0.15088363960316098,0.8268734289977928,0.7837593082567306,-0.043114120741062245,0.8273923215153536,0.7860248036013769,-0.04136751791397664,0.82599093997735,0.7845858205452447,-0.04140511943210523,0.5468270876091397,0.78009736216461,0.7829243264486268,0.7770640315178803,0.775720757713372,,,,
SID05,0.5,0.5309514999389648,1.0,1.0,1.0,0.7248021206890102,0.9160921260497215,0.19129000536071128,0.9497961494117156,0.9422175018198742,-0.007578647591841459,0.9480402791742045,0.9385398054565736,-0.009500473717630964,0.9471492816533698,0.938443640606372,-0.00870564104699778,0.7248021206890102,0.9160921260497215,0.19129000536071128,0.7782507808382471,0.9140299801886465,0.1357791993503994,0.4123507757692404,0.9186870060380771,0.5063362302688367,0.9497961494117156,0.9422175018198742,-0.007578647591841459,0.9490214382781861,0.938696077999451,-0.010325360278735096,0.9488718099796191,0.9404406130593674,-0.008431196920251627,0.9183667838685592,0.9190930680048798,0.9430500826832727,0.9394455211646228,0.9391930894446973,0.9329566945074169,0.9496766035076081,0.9474314521255941,0.9470728951518456
SID06,0.5,0.7157869338989258,1.0,1.0,1.0,0.21573182302461055,0.9435368086893318,0.7278049856647212,0.9659938584049037,0.9672058716854718,0.0012120132805680806,0.9662790959240896,0.967731885818082,0.0014527898939924455,0.9615839360875328,0.9670231494517235,0.005439213364190731,0.21573182302461055,0.9435368086893318,0.7278049856647212,0.5111720184395102,0.9444636897145465,0.4332916712750363,0.14950896539286745,0.9390856529834388,0.7895766875905714,0.9659938584049037,0.9672058716854718,0.0012120132805680806,0.969909310333054,0.9699268853802275,1.757504717347924e-05,0.9688927166132014,0.9698222471183204,0.0009295305051190139,0.9512352241424964,0.9338829333838832,0.9666367213728928,0.967265976157905,0.9648295360228497,,,,
SID100,0.5,0.03957557678222656,0.8389816284179688,0.8389816284179688,1.0,0.1692512479201331,0.12135610938205317,-0.04789513853807993,0.8202159582260237,0.8054108312222169,-0.014805127003806762,0.7556190639907172,0.782031590289081,0.02641252629836377,0.7572977300759527,0.755376789305572,-0.0019209407703807413,0.1692512479201331,0.12135610938205317,-0.04789513853807993,0.24311765870899923,0.08646579402321561,-0.15665186468578363,0.12763436695450092,0.17608650828197667,0.048452141327475745,0.8202159582260237,0.8054108312222169,-0.014805127003806762,0.8164799033751594,0.8084950654011428,-0.007984837974016612,0.80108272265135,0.7962298454619396,-0.0048528771894104095,0.5753223465118265,0.1148738379814077,0.8017616927569534,0.7871746563394041,0.7377709938228911,,,,
SID14,0.5,0.12149524688720703,1.0,1.0,1.0,0.32792312218081976,0.8328082907656298,0.50488516858481,0.8669788836093696,0.8579591233322246,-0.009019760277145017,0.5588394256580251,0.7943218780473439,0.23548245238931875,0.624186098563464,0.8170917988023304,0.19290570023886644,0.32792312218081976,0.8328082907656298,0.50488516858481,0.5558358929354981,0.8381260518832337,0.2822901589477357,0.3365676500349055,0.8306049822064057,0.49403733217150014,0.8669788836093696,0.8579591233322246,-0.009019760277145017,0.8660865233667432,0.8580085807550172,-0.008077942611726008,0.866253767578903,0.8578454938796642,-0.0084082736992388,0.7321839160790289,0.8306033084657801,0.8588026213484394,0.7895792104989063,0.8144186486230974,,,,
SID15,0.5,0.7517671585083008,1.0,1.0,1.0,0.1874956392675238,0.8874852272884932,0.6999895880209694,0.9030204418370154,0.9381554328916717,0.03513499105465634,0.9149361527736015,0.9398954776804039,0.024959324906802416,0.9166590037957401,0.9442901602867757,0.027631156491035647,0.1874956392675238,0.8874852272884932,0.6999895880209694,0.570354997158399,0.9129310572280415,0.3425760600696425,0.1433035006374598,0.8761247682353089,0.7328212675978492,0.9030204418370154,0.9381554328916717,0.03513499105465634,0.8696140459261629,0.9181298610504238,0.04851581512426095,0.8711473170472932,0.916194491568288,0.045047174520994826,0.8255498549376266,0.8944564718728791,0.9371380665719001,0.9385622789408279,0.9444446454173947,,,,
SID17,0.5,0.03556060791015625,1.0,1.0,1.0,0.2323846439759996,0.6713921289895429,0.43900748501354336,0.6977316519449797,0.6365441560703711,-0.06118749587460859,0.6895201521055703,0.6290120167099315,-0.06050813539563882,0.7230115337031569,0.6566693117876208,-0.06634222191553607,0.2323846439759996,0.6713921289895429,0.43900748501354336,0.4603596919849574,0.664484233030465,0.2041245410455076,0.17609428503172034,0.669530243273849,0.4934359582421287,0.6977316519449797,0.6365441560703711,-0.06118749587460859,0.6853339324832893,0.6523154524478151,-0.03301848003547425,0.6647096016619998,0.6482316596832611,-0.01647794197873864,0.2738246829317985,0.6580864775965272,0.6334136490492122,0.6262709253363459,0.65625,,,,
SID18,0.5,0.05180835723876953,1.0,1.0,1.0,0.8656954487452148,0.90515204825333,0.0394565995081152,0.7425662639061837,0.866648586561164,0.1240823226549802,0.9531029867568329,0.8994453183210531,-0.05365766843577979,0.9543024507295729,0.8985806921193674,-0.05572175861020545,0.8656954487452148,0.90515204825333,0.0394565995081152,0.8221750029050947,0.8802615914020582,0.058086588496963465,0.8864121024332452,0.9122818882726904,0.025869785839445214,0.7425662639061837,0.866648586561164,0.1240823226549802,0.6967783339750995,0.8645659266332458,0.16778759265814636,0.6898598243674304,0.8728450007230193,0.18298517635558886,0.5439342327602392,0.8960590150860637,0.8317908801176759,0.898085166244642,0.8973434346776061,,,,
SID21,0.5,0.28956127166748047,0.9789228439331055,0.9789228439331055,1.0,0.8779768806325265,0.8983631274856014,0.020386246853074885,0.9213618945599795,0.9135416473954575,-0.00782024716452201,0.9165004265880711,0.911047165117836,-0.00545326147023506,0.9172109757656441,0.9096156501726121,-0.0075953255930319985,0.8779768806325265,0.8983631274856014,0.020386246853074885,0.8771641921179811,0.896119440976473,0.01895524885849187,0.7167181262676502,0.8973081276192224,0.18059000135157222,0.9213618945599795,0.9135416473954575,-0.00782024716452201,0.9116275652192549,0.9095327171361502,-0.0020948480831046723,0.9189587973273942,0.9143482617744546,-0.004610535552939554,0.837638821097794,0.9018878956195282,0.9140838250216672,0.9106553678905643,0.9099363831001123,0.9175092275550781,0.9247589408066625,0.9225653398668018,0.9225306789952649
SID22,0.5,0.2617511749267578,0.8130722045898438,0.8130722045898438,1.0,0.6750328746795178,0.8778812465425041,0.20284837186298632,0.9214204907021141,0.9015158291647458,-0.01990466153736825,0.9207062383678805,0.9030732043004803,-0.017633034067400133,0.9218714917548443,0.901046464688286,-0.02082502706655831,0.6750328746795178,0.8778812465425041,0.20284837186298632,0.7844598655811158,0.8615210718503904,0.0770612062692746,0.693642214021054,0.8819978007415449,0.1883555867204909,0.9214204907021141,0.9015158291647458,-0.01990466153736825,0.9195096042884922,0.9034247804716408,-0.01608482381685139,0.913975521575243,0.9005649989346127,-0.013410522640630251,0.764038677461293,0.8751097093682881,0.9035740904322862,0.905126070821628,0.901356409795986,,,,
SID23,0.5,0.12488937377929688,0.9767646789550781,0.9767646789550781,1.0,0.00239325330496885,0.015554315700585077,0.013161062395616227,0.8945853870687156,0.8582692643718329,-0.03631612269688267,0.8453086251885809,0.8476957162998915,0.0023870911113106352,0.8474341823282636,0.8667499465583582,0.019315764230094623,0.00239325330496885,0.015554315700585077,0.013161062395616227,0.020552184282824622,0.02992526136168881,0.009373077078864187,0.0025730354987817928,0.008034713597673644,0.005461678098891851,0.8945853870687156,0.8582692643718329,-0.03631612269688267,0.9008081241507545,0.8490222561512714,-0.05178586799948315,0.9018947911146756,0.8373761027408356,-0.06451868837384,0.8507856841639533,0.012713973305180605,0.8537331033127333,0.8448523605483567,0.8715561017773216,,,,
SID25,0.5,0.10102176666259766,0.2822580337524414,0.2822580337524414,0.2822580337524414,0.12225133201848636,0.7063313653318841,0.5840800333133978,0.8407389189484615,0.8061584659150774,-0.034580453033384084,0.8312961719274681,0.7932262894315659,-0.03806988249590215,0.8257107204861112,0.7999259964055397,-0.02578472408057142,0.12225133201848636,0.7063313653318841,0.5840800333133978,0.322428554899919,0.7099328155048827,0.38750426060496374,0.054074008446295146,0.6980713123854277,0.6439973039391326,0.8407389189484615,0.8061584659150774,-0.034580453033384084,0.8208306039565046,0.7902921049943826,-0.030538498962122018,0.8187854293512492,0.8000104079933389,-0.018775021357910315,0.6924255456402537,0.5851620979485477,0.806353569257605,0.7951087803105041,0.8008306438812761,,,,
SID26,0.5,0.01950550079345703,1.0,1.0,1.0,0.00034245402554707033,0.0,-0.00034245402554707033,0.4648725578988226,0.19862559241706162,-0.26624696548176097,0.47319093286835223,0.1902598324577595,-0.2829311004105928,0.49047013977128334,0.18591349562751122,-0.30455664414377215,0.00034245402554707033,0.0,-0.00034245402554707033,0.0018688506568460396,0.0,-0.0018688506568460396,0.0,0.0,0.0,0.4648725578988226,0.19862559241706162,-0.26624696548176097,0.47491878665147874,0.16565385903631752,-0.3092649276151612,0.5313734978627309,0.19617224880382775,-0.33520124905890314,0.18705729292150533,0.0,0.2167739492616433,0.2111730787409018,0.21177244327523842,,,,
SID27,0.5,0.009374618530273438,0.7481441497802734,0.7481441497802734,1.0,0.0008193058245195889,0.09526410236404775,0.09444479653952817,0.5299751469964236,0.5200681671269907,-0.009906979869432897,0.5002732837778749,0.4791557006000632,-0.02111758317781176,0.503725782414307,0.49577655141344745,-0.007949231000859536,0.0008193058245195889,0.09526410236404775,0.09444479653952817,0.001421595895914457,0.07893069808691246,0.077509102190998,0.0,0.044993498049414826,0.044993498049414826,0.5299751469964236,0.5200681671269907,-0.009906979869432897,0.5147574938150854,0.5279359195021845,0.013178425687099149,0.4924547803617571,0.5267025089605735,0.03424772859881636,0.09400247124798022,0.09016393442622951,0.5109052195430742,0.4743350926213391,0.4832090567680836,,,,
SID28,0.5,0.5003395080566406,0.9992942810058594,0.9992942810058594,1.0,0.6874897580420807,0.9700857586602741,0.28259600061819345,0.7131813294292445,0.8006299510597614,0.08744862163051692,0.7395789574587458,0.7805529767430789,0.040974019284333085,0.7522273870391453,0.8126544123000095,0.06042702526086419,0.6874897580420807,0.9700857586602741,0.28259600061819345,0.8875104745943475,0.9696126991927123,0.0821022245983648,0.32978713266614956,0.9675265485563812,0.6377394158902316,0.7131813294292445,0.8006299510597614,0.08744862163051692,0.7104828738693965,0.7964561735357654,0.08597329966636891,0.6981058514354147,0.7965771010122634,0.09847124957684872,0.7909489979788185,0.9717470221000905,0.791565390702678,0.7792197762047486,0.8083534146446686,,,,
SID31,0.5,0.032530784606933594,1.0,1.0,1.0,0.0,0.15378520886266153,0.15378520886266153,0.2997292961700421,0.28522173344429913,-0.014507562725742995,0.2553005174472602,0.2422673872776636,-0.01303313016959659,0.2515669591657109,0.24454761115220774,-0.007019348013503179,0.0,0.15378520886266153,0.15378520886266153,0.0,0.1445542954123003,0.1445542954123003,0.0,0.14333522251909428,0.14333522251909428,0.2997292961700421,0.28522173344429913,-0.014507562725742995,0.31513714369530144,0.2809133780094316,-0.03422376568586982,0.31931891350487684,0.27876440351774706,-0.04055450998712978,0.0,0.16560509554140126,0.2785712588226906,0.23932314686197753,0.24218135700697527,,,,
SID33,0.5,0.2694711685180664,0.9998092651367188,0.9998092651367188,1.0,0.03835447610548012,0.11847635973820808,0.08012188363272796,0.6629635790300719,0.5929185398818108,-0.0700450391482611,0.7532633725324756,0.6772128549896178,-0.07605051754285774,0.7286246400180255,0.6601704082492765,-0.06845423176874899,0.03835447610548012,0.11847635973820808,0.08012188363272796,0.10413531038732457,0.25410809253834105,0.14997278215101648,0.033077753970924155,0.15364740999394563,0.12056965602302147,0.6629635790300719,0.5929185398818108,-0.0700450391482611,0.6581315172838544,0.5296911105370621,-0.12844040674679236,0.6965744675581095,0.5624336752741422,-0.13414079228396725,0.6120475202767423,0.10287494449573939,0.6060358660078744,0.683466027672567,0.6669359625983077,,,,
SID36,0.5,0.15427589416503906,1.0,1.0,1.0,0.6563643348996661,0.7378339975000268,0.0814696626003607,0.7066393826582185,0.7740953977334839,0.06745601507526544,0.6221993224689774,0.7541026546947528,0.13190333222577544,0.6399721577154543,0.7762141181793287,0.13624196046387438,0.6563643348996661,0.7378339975000268,0.0814696626003607,0.6899497723325353,0.7407794856698278,0.05082971333729247,0.640745236215369,0.7368476849275132,0.09610244871214413,0.7066393826582185,0.7740953977334839,0.06745601507526544,0.7679165240354051,0.7838747887992977,0.015958264763892616,0.7401207683471445,0.7687202810401408,0.02859951269299632,0.4337439046960752,0.7340216664437609,0.7680381091085624,0.7436328322404272,0.7685620957809497,,,,
SID37,0.5,0.8606128692626953,1.0,1.0,1.0,0.38890931726898864,0.9584013173310288,0.5694920000620403,0.9648077116132014,0.9658089375571883,0.0010012259439868831,0.9726204395734571,0.9733310963955696,0.0007106568221124654,0.9760490051975541,0.973209972875562,-0.0028390323219921187,0.38890931726898864,0.9584013173310288,0.5694920000620403,0.8461278212961992,0.9592210796832792,0.11309325838707995,0.39293532642654583,0.9580475322362152,0.5651122058096694,0.9648077116132014,0.9658089375571883,0.0010012259439868831,0.9730461092410673,0.9672749311294766,-0.005771178111590669,0.9758442983422493,0.9654586161366818,-0.01038568220556746,0.9138895661435409,0.9630730269743145,0.966591201463407,0.9735170339253395,0.9736510658750662,,,,
SID39,0.5,0.30914878845214844,1.0,1.0,1.0,0.5919434402655549,0.9142867169268382,0.32234327666128326,0.939752934857669,0.943138384682448,0.003385449824779063,0.9420580545604514,0.9365799358298956,-0.005478118730555814,0.9419920537059872,0.9318758661036931,-0.010116187602294047,0.5919434402655549,0.9142867169268382,0.32234327666128326,0.7843838858917016,0.9053880849087171,0.12100419901701553,0.34277773155723185,0.9133652679238238,0.570587536366592,0.939752934857669,0.943138384682448,0.003385449824779063,0.9494134338148922,0.9423297581950383,-0.007083675619853902,0.9504032393715766,0.9459985331288604,-0.004404706242716161,0.8839747884710026,0.9184227363426812,0.9430854563122031,0.9369954709632466,0.932289081152637,,,,
SID40,0.5,0.5839300155639648,1.0,1.0,1.0,0.8370180652671152,0.9762471219647814,0.13922905669766616,0.990071096851008,0.9862992057440487,-0.003771891106959302,0.9886240686502039,0.982573838443188,-0.006050230207015894,0.9895473148389584,0.9819270729719497,-0.007620241867008715,0.8370180652671152,0.9762471219647814,0.13922905669766616,0.8968777237441249,0.9712684108142443,0.07439068707011942,0.6439120467744723,0.9740380770621624,0.33012603028769005,0.990071096851008,0.9862992057440487,-0.003771891106959302,0.9902517223363415,0.9880519530865115,-0.002199769249830008,0.9901953469663155,0.987069834831419,-0.0031255121348965353,0.9234611666129552,0.9660100220485067,0.9869219365277556,0.9831745134199078,0.9825489456320188,,,,
SID44,0.5,0.19296741485595703,0.8652458190917969,0.8652458190917969,1.0,0.47372435120565004,0.651306900720243,0.17758254951459296,0.9289481649077368,0.9060325834879406,-0.022915581419796216,0.9295125164690382,0.9074589103269791,-0.02205360614205909,0.9319593983317924,0.9108882577042761,-0.02107114062751636,0.47372435120565004,0.651306900720243,0.17758254951459296,0.679813076373723,0.7371874575019913,0.057374381128268315,0.4330312816814557,0.6836263045391676,0.2505950228577119,0.9289481649077368,0.9060325834879406,-0.022915581419796216,0.9281351630046799,0.905268095931287,-0.02286706707339292,0.912371033866361,0.8951514516098287,-0.017219582256532306,0.7056887339937309,0.6494219740874473,0.9055739066604852,0.9073616314549457,0.9112956021201379,,,,
SID46,0.5,0.6006736755371094,1.0,1.0,1.0,0.08145684756734811,0.3421852042429465,0.2607283566755984,0.8280607663001947,0.7930759021606448,-0.03498486413954982,0.8240257159490383,0.7861405243327703,-0.03788519161626802,0.823502509104946,0.7642709556033662,-0.059231553501579826,0.08145684756734811,0.3421852042429465,0.2607283566755984,0.15729122758087366,0.37849330493329647,0.2212020773524228,0.07325439226637614,0.30233646312647683,0.22908207086010068,0.8280607663001947,0.7930759021606448,-0.03498486413954982,0.8277530605401104,0.8086978154007368,-0.019055245139373622,0.828298218669897,0.8019246636422481,-0.02637355502764882,0.4751186877967195,0.3342461677228579,0.7892867455153525,0.7840890708191787,0.7664077848940712,,,,
SID50,0.5,0.008924484252929688,0.5725526809692383,0.5725526809692383,0.5743131637573242,0.0011331444759206798,0.0,-0.0011331444759206798,0.03453453453453453,0.01716001716001716,-0.017374517374517374,0.09341010876519514,0.0887422855926793,-0.0046678231725158364,0.06488222698072806,0.039854296121705594,-0.02502793085902246,0.0011331444759206798,0.0,-0.0011331444759206798,0.0017281105990783411,0.0,-0.0017281105990783411,0.001863238308179616,0.0,-0.001863238308179616,0.03453453453453453,0.01716001716001716,-0.017374517374517374,0.055936562366052295,0.008794508794508795,-0.047142053571543496,0.0882415934889698,0.02702702702702703,-0.061214566461942774,0.0,0.0,0.022093522093522094,0.10719592443218,0.047109207708779445,,,,
SID51,0.5,0.03080272674560547,0.9998092651367188,0.9998092651367188,1.0,0.15048183839881393,0.5873201460306855,0.4368383076318716,0.76417089678511,0.6958665338645418,-0.06830436292056818,0.7616091773395144,0.6965565113915264,-0.06505266594798798,0.7704325936465374,0.7226993545700604,-0.047733239076476974,0.15048183839881393,0.5873201460306855,0.4368383076318716,0.23674911660777384,0.6014168885507798,0.3646677719430059,0.0881256738025566,0.5964621337755666,0.5083364599730099,0.76417089678511,0.6958665338645418,-0.06830436292056818,0.7416159114458288,0.6939095387371249,-0.047706372708703926,0.7549810973740676,0.7066843690956441,-0.04829672827842346,0.33763716603053434,0.600516334507552,0.6954575967778026,0.6940538667194772,0.722817165637458,,,,
SID52,0.5,0.14620304107666016,1.0,1.0,1.0,0.8060383398661508,0.8524467552520945,0.04640841538594365,0.9134301698152995,0.8903039073806078,-0.023126262434691625,0.8067925667878213,0.8051133882800666,-0.001679178507754675,0.833105036872208,0.8203125859886633,-0.012792450883544748,0.8060383398661508,0.8524467552520945,0.04640841538594365,0.8043811770746108,0.8459266394703093,0.04154546239569856,0.7157493385900295,0.8516600797603602,0.13591074117033064,0.9134301698152995,0.8903039073806078,-0.023126262434691625,0.9045889288422495,0.8823669854003271,-0.02222194344192241,0.9066616853567864,0.8923581684786557,-0.014303516878130695,0.7781947204087426,0.8477648350307984,0.8905274722621304,0.8080325979317846,0.8182811222053278,,,,
SID53,0.5,0.44852256774902344,1.0,1.0,1.0,0.025969792228960932,0.7531509493651757,0.7271811571362148,0.8349104838867439,0.8449320846800026,0.010021600793258645,0.848890720516519,0.8539077813780789,0.005017060861559841,0.8448387172187825,0.8666872171235759,0.021848499904793428,0.025969792228960932,0.7531509493651757,0.7271811571362148,0.2773043795039717,0.8553823921565497,0.578078012652578,0.019996439425730237,0.8200791528591808,0.8000827134334505,0.8349104838867439,0.8449320846800026,0.010021600793258645,0.8209848272968816,0.8472930844116012,0.026308257114719624,0.815157709874915,0.8450480900753027,0.0298903802003877,0.7685074459939606,0.8255260088355666,0.840843089656655,0.8512398342656645,0.8605898320005869,,,,
SID55,0.5,0.45955371856689453,1.0,1.0,1.0,0.07207936145045377,0.5696895698133405,0.4976102083628867,0.5633214522439828,0.5688421579494735,0.0055207057054906805,0.5657752453590479,0.5690168020886593,0.003241556729611461,0.5641167621734575,0.5737723852162316,0.00965562304277412,0.07207936145045377,0.5696895698133405,0.4976102083628867,0.3262895632152308,0.587062426105129,0.26077286288989826,0.027628112844997076,0.6328464695811634,0.6052183567361663,0.5633214522439828,0.5688421579494735,0.0055207057054906805,0.5567948623140847,0.5711500350837269,0.014355172769642155,0.5515271587727792,0.5683242303550811,0.016797071582301815,0.5256952445098283,0.421278151921436,0.5707441466026133,0.5713877476003296,0.5777534521187503,,,,
SID59,0.5,0.08392333984375,1.0,1.0,1.0,0.7036861041341389,0.828038388748523,0.12435228461438408,0.8698509022224008,0.8171109151957382,-0.052739987026662605,0.855463421814435,0.7958036854588578,-0.0596597363555772,0.8551239523426306,0.7950978421735396,-0.060026110169090985,0.7036861041341389,0.828038388748523,0.12435228461438408,0.7941835459427812,0.8223931232965483,0.028209577353767168,0.6793418564359238,0.8341708054310957,0.15482894899517186,0.8698509022224008,0.8171109151957382,-0.052739987026662605,0.8364358639748215,0.7936074555416007,-0.04282840843322078,0.8456623749321337,0.7908463540485885,-0.0548160208835452,0.6899621609099033,0.8322046578510148,0.8184323129731509,0.7969377028200557,0.7981315444125285,,,,
SID61,0.5,0.18422222137451172,1.0,1.0,1.0,0.7254963384447891,0.8301910235937838,0.10469468514899472,0.8874231419911782,0.9049430040344894,0.01751986204331113,0.8905190028606457,0.9040057777086771,0.013486774848031402,0.8714993195608354,0.8972780427451059,0.025778723184270547,0.7254963384447891,0.8301910235937838,0.10469468514899472,0.7930840423409273,0.8247278992877795,0.03164385694685212,0.7332083226303622,0.8293128118579396,0.09610448922757742,0.8874231419911782,0.9049430040344894,0.01751986204331113,0.9103039250623631,0.9164692917940254,0.006165366731662236,0.9091302664819493,0.9104544111978293,0.001324144715880049,0.758621714387602,0.8313201274414739,0.9042474537910222,0.9028144018769363,0.8959554571918491,0.8494879666299534,0.9075153568088172,0.9090573927799438,0.9068137736466914
SID63,0.5,0.4858407974243164,0.9999046325683594,0.9999046325683594,1.0,0.7679305245149712,0.8670952924413947,0.09916476792642348,0.9259460240248916,0.930583529816054,0.0046375057911624,0.9210813875069639,0.9300771001305125,0.00899571262354859,0.9045907003871251,0.9248827541088361,0.020292053721711056,0.7679305245149712,0.8670952924413947,0.09916476792642348,0.8399168479799567,0.8634068321029216,0.02348998412296488,0.678510449592292,0.8665570902149996,0.1880466406227076,0.9259460240248916,0.930583529816054,0.0046375057911624,0.9423478986055351,0.9315284704747842,-0.010819428130750985,0.9390036149890929,0.9309315961158725,-0.008072018873220399,0.7768632257407676,0.8661513411116984,0.9299687205203316,0.9295834850779169,0.9242774489491118,0.8903548614227291,0.937777743354007,0.9348740842001837,0.9339767302006571
SID64,0.5,0.06157684326171875,1.0,1.0,1.0,0.8015214591631975,0.7994469011404242,-0.002074558022773343,0.8385509770668134,0.8478347532076363,0.009283776140822986,0.8329443707195046,0.8411918698708709,0.008247499151366355,0.8390685482641957,0.8402112860510462,0.0011427377868504784,0.8015214591631975,0.7994469011404242,-0.002074558022773343,0.7702541000915042,0.7943368309601053,0.024082730868601132,0.7994276282915159,0.8022582552846199,0.0028306269931039907,0.8385509770668134,0.8478347532076363,0.009283776140822986,0.8499490191900899,0.8444532756362138,-0.0054957435538761645,0.8513701032342671,0.8486408901910301,-0.002729213043237033,0.6421914533826651,0.8041698308595099,0.8514423291274689,0.8443276066350711,0.8459899804604287,,,,
SID65,0.5,0.06582260131835938,0.685450553894043,0.685450553894043,1.0,0.5101927432796274,0.8584026455556669,0.34820990227603954,0.948373237733487,0.9398009672099069,-0.008572270523580117,0.9471627078214137,0.9404524097571955,-0.00671029806421819,0.940125717251521,0.9415867604233256,0.0014610431718045103,0.5101927432796274,0.8584026455556669,0.34820990227603954,0.7993223945791567,0.9092259378713291,0.10990354329217245,0.4154488815386151,0.8185819839647854,0.40313310242617034,0.948373237733487,0.9398009672099069,-0.008572270523580117,0.9405536312691842,0.9397168072390102,-0.0008368240301740437,0.9456131791177568,0.9432374519292172,-0.0023757271885396225,0.8654893524317847,0.6658522127604204,0.9371376557905056,0.9372418556788227,0.939223929778712,,,,
SID67,0.5,0.024843215942382812,0.9586772918701172,0.9586772918701172,1.0,0.005451608561044555,0.008937031061944637,0.003485422500900082,0.5322986458598366,0.4353336782203828,-0.09696496763945373,0.29376769766935307,0.39308458054578477,0.0993168828764317,0.2867490928638624,0.371930491332531,0.08518139846866857,0.005451608561044555,0.008937031061944637,0.003485422500900082,0.007185430463576159,0.01712311494426792,0.00993768448069176,0.0060486658371353514,0.011512744457292242,0.005464078620156891,0.5322986458598366,0.4353336782203828,-0.09696496763945373,0.5057581573896354,0.36796685045032707,-0.1377913069393083,0.5205689169835548,0.40277495081077413,-0.11779396617278065,0.1329432321508391,0.02432143946325099,0.39829177302179464,0.3680993360021095,0.3700169446178543,,,,
SID68,0.5,0.03959083557128906,0.9403572082519531,0.9403572082519531,1.0,0.33600603716630506,0.7485228732338701,0.41251683606756506,0.8352831639881796,0.7842582214031955,-0.051024942584984134,0.8292883834933901,0.7796370091975297,-0.04965137429586042,0.8497527812113721,0.796822823170614,-0.05292995804075806,0.33600603716630506,0.7485228732338701,0.41251683606756506,0.5346088913899831,0.7521237693389592,0.21751487794897606,0.36886084989882156,0.7630460448642267,0.3941851949654051,0.8352831639881796,0.7842582214031955,-0.051024942584984134,0.8290081549029847,0.8025039367017244,-0.026504218201260366,0.8236362185242827,0.7937737953313079,-0.02986242319297483,0.6202303899806061,0.7143406012871002,0.7877001163966646,0.7819555993332323,0.7941363190396491,,,,
SID69,0.5,0.11496448516845703,1.0,1.0,1.0,0.32928889070213374,0.698383021083261,0.36909413038112726,0.7631926319263193,0.749727874068492,-0.013464757857827303,0.7226743486371021,0.7315283647877697,0.00885401615066761,0.7392577550179528,0.7354501678892271,-0.0038075871287256424,0.32928889070213374,0.698383021083261,0.36909413038112726,0.6210219579212429,0.6980028646664039,0.076980906745161,0.29367096884936367,0.7082957121606787,0.414624743311315,0.7631926319263193,0.749727874068492,-0.013464757857827303,0.7627372520488734,0.7476925191574173,-0.015044732891456136,0.7557757149398493,0.7540442689621977,-0.0017314459776516244,0.3397632002190056,0.6907876622420296,0.7474782705749403,0.7313556779087376,0.7292648493074074,,,,
SID72,0.5,0.8837347030639648,1.0,1.0,1.0,0.9794760908483058,0.9876489007349902,0.008172809886684451,0.9851904736740502,0.9872815994140078,0.002091125739957622,0.9811524131881316,0.9862066660413142,0.005054252853182617,0.977317529766561,0.986476190270918,0.009158660504356986,0.9794760908483058,0.9876489007349902,0.008172809886684451,0.9813984733614622,0.9876045461074866,0.00620607274602436,0.9477794793261868,0.987742762208943,0.03996328288275619,0.9851904736740502,0.9872815994140078,0.002091125739957622,0.9873968556814936,0.9877295790906429,0.00033272340914924925,0.9882888786380352,0.9882209030246188,-6.797561341631564e-05,0.9541792128717301,0.9879522210677268,0.9872876335805512,0.9863919980074806,0.9875607253854742,,,,
SID78,0.5,0.25621509552001953,1.0,1.0,1.0,0.5067597632785037,0.9304009389806587,0.423641175702155,0.9462103215126466,0.9345477502784221,-0.011662571234224539,0.9423397774953675,0.9318677683623772,-0.01047200913299029,0.9452646433114891,0.9326860704515328,-0.012578572859956227,0.5067597632785037,0.9304009389806587,0.423641175702155,0.7093146977589115,0.92893168599452,0.2196169882356085,0.2537791604175638,0.9289839170733116,0.6752047566557478,0.9462103215126466,0.9345477502784221,-0.011662571234224539,0.9427517245067109,0.9381009101024221,-0.004650814404288717,0.9454785903209665,0.9386846552642015,-0.006793935056764955,0.8776088664302851,0.8962827980432354,0.9348598303471206,0.9327361844724852,0.9341763381257578,,,,
SID79,0.5,0.23961639404296875,0.729461669921875,0.729461669921875,1.0,0.4854596050415382,0.7836866617670347,0.29822705672549654,0.8993991494886113,0.9068537937747237,0.007454644286112422,0.834040345724876,0.8364139281664149,0.0023735824415389573,0.8404661123287213,0.8458103504557515,0.005344238127030221,0.4854596050415382,0.7836866617670347,0.29822705672549654,0.6667954553686778,0.8138759925032468,0.14708053713456903,0.3488680336984131,0.7872975570977202,0.4384295233993071,0.8993991494886113,0.9068537937747237,0.007454644286112422,0.8952171687536673,0.8965948089161363,0.001377640162468996,0.9067627963283886,0.9044248229280607,-0.0023379734003279307,0.8741670341006464,0.6362007023775885,0.9035748294086583,0.8341136256186902,0.8373965368617506,,,,
SID80,0.5,0.08744239807128906,0.9999599456787109,0.9999599456787109,1.0,0.7461016247316632,0.8841351856691931,0.13803356093752994,0.9206990760163308,0.901823771923695,-0.018875304092635825,0.9086637773907408,0.8996327785095597,-0.009030998881181085,0.9094798742776031,0.8978653072603449,-0.01161456701725827,0.7461016247316632,0.8841351856691931,0.13803356093752994,0.8129599478997069,0.8782133580151076,0.06525341011540065,0.7524195216477786,0.8824380667098446,0.130018545062066,0.9206990760163308,0.901823771923695,-0.018875304092635825,0.9163956419221075,0.9074645466697489,-0.00893109525235869,0.914962368695617,0.9047910070933355,-0.010171361602281492,0.8018911390814467,0.881385088642435,0.902694057080022,0.9011501150115011,0.8990473340316225,,,,
SID81,0.5,0.28272247314453125,1.0,1.0,1.0,0.8887922050327319,0.9765904063913373,0.08779820135860539,0.988303739574926,0.9862567148243302,-0.002047024750595816,0.9884446320642196,0.9817592795230421,-0.006685352541177525,0.9884115508939469,0.9818098004881672,-0.006601750405779705,0.8887922050327319,0.9765904063913373,0.08779820135860539,0.9531743141539208,0.9730433153797367,0.019869001225815808,0.7367583227377431,0.9750550909288545,0.23829676819111134,0.988303739574926,0.9862567148243302,-0.002047024750595816,0.9889099732992997,0.9862252980905528,-0.002684675208746934,0.9882700702252375,0.9850556872984999,-0.003214382926737591,0.9209917814011258,0.9769467213114754,0.9863601767902686,0.9820014995985588,0.9819241537624563,,,,
SID83,0.5,0.1474590301513672,1.0,1.0,1.0,0.02286453281603621,0.45417928702701665,0.4313147542109804,0.9541046339313071,0.946490122161014,-0.007614511770293042,0.9499152431052924,0.942206698528909,-0.007708544576383369,0.9493892233519022,0.9422384926782947,-0.007150730673607497,0.02286453281603621,0.45417928702701665,0.4313147542109804,0.11821860777823748,0.687336847707631,0.5691182399293936,0.00822004630647644,0.5152666645414262,0.5070466182349498,0.9541046339313071,0.946490122161014,-0.007614511770293042,0.9492720782244296,0.94223049116257,-0.007041587061859644,0.9532988228267092,0.9412077098497391,-0.012091112976970075,0.9189458134777153,0.16655825127039228,0.9481325349897098,0.9441398495211187,0.9413333835454797,,,,
SID85,0.5,0.35761165618896484,0.9834060668945312,0.9834060668945312,1.0,0.9351605274931294,0.9856114729570895,0.05045094546396012,0.9895778625249073,0.9834715945898453,-0.006106267935061971,0.9880963361381742,0.982376673390794,-0.0057196627473801165,0.9897952448217138,0.9827646759727632,-0.007030568848950591,0.9351605274931294,0.9856114729570895,0.05045094546396012,0.9648902238052204,0.9850688221660456,0.02017859836082525,0.6664845459463925,0.985649179370794,0.3191646334244015,0.9895778625249073,0.9834715945898453,-0.006106267935061971,0.9881750836071924,0.9839490947257937,-0.00422598888139869,0.9857363297731114,0.9823020440667577,-0.0034342857063537346,0.9811261980830671,0.9861021527315232,0.9842200996873942,0.9830076153775575,0.9832590339329732,,,,
SID87,0.5,0.021613121032714844,0.9508733749389648,0.9508733749389648,1.0,0.10119093650916403,0.20841478451775886,0.10722384800859483,0.433211356466877,0.40241559813667577,-0.030795758330201206,0.4492136565635062,0.4028087215560618,-0.046404935007444414,0.45151753505655157,0.3967758710348414,-0.05474166402171016,0.10119093650916403,0.20841478451775886,0.10722384800859483,0.11751226323892729,0.1912453561621709,0.0737330929232436,0.11584910113685536,0.19358519269776878,0.07773609156091342,0.433211356466877,0.40241559813667577,-0.030795758330201206,0.39015471167369903,0.40635083602229394,0.01619612434859491,0.4123929677536892,0.42151162790697677,0.00911866015328755,0.04505373985523141,0.22391465402281818,0.397394983807295,0.4066932349810639,0.4016186646017036,,,,
SID89,0.5,0.07184886932373047,0.671168327331543,0.671168327331543,1.0,0.24822781344123643,0.21763509766467434,-0.030592715776562085,0.9471844602433293,0.9387815225076597,-0.00840293773566958,0.9475837763574458,0.9365432498931828,-0.011040526464263012,0.9468094640616598,0.9411877819687893,-0.005621682092870506,0.24822781344123643,0.21763509766467434,-0.030592715776562085,0.5950292613175701,0.6618288907347277,0.06679962941715767,0.15606663313672595,0.4341839799171428,0.2781173467804169,0.9471844602433293,0.9387815225076597,-0.00840293773566958,0.9476561799766963,0.9380240450734217,-0.009632134903274525,0.9473504628530738,0.9424824759415469,-0.0048679869115269,0.47855013675056085,0.11126354569697718,0.9383166255739448,0.9369340089524457,0.9393997691419776,,,,
SID90,0.5,0.03806114196777344,0.6263504028320312,0.6263504028320312,1.0,0.024414401030059922,0.3333333333333333,0.3089189323032734,0.722446461166671,0.7538037709144215,0.03135730974775053,0.7216361515443526,0.7367810989444609,0.0151449474001083,0.7309110190889809,0.73866706322651,0.007756044137529061,0.024414401030059922,0.3333333333333333,0.3089189323032734,0.06879724428284374,0.328708400974026,0.25991115669118225,0.03338923234800891,0.38030011542901115,0.34691088308100226,0.722446461166671,0.7538037709144215,0.03135730974775053,0.7289189119769861,0.7371367770374686,0.008217865060482499,0.737155412483074,0.741332452820604,0.004177040337529969,0.13016575134812752,0.31304192594103847,0.7557907499557958,0.7385965777405198,0.7379959282983266,,,,
SID91,0.5,0.035605430603027344,1.0,1.0,1.0,0.5752093556971606,0.6570785619657732,0.0818692062686126,0.6283450136600431,0.5594290255349137,-0.06891598812512945,0.6442121090266972,0.5747091007166525,-0.06950300831004474,0.6614715803524722,0.5845640109114852,-0.07690756944098698,0.5752093556971606,0.6570785619657732,0.0818692062686126,0.6017466450241192,0.623400679175385,0.021654034151265766,0.5709103472102263,0.6663360881542699,0.09542574094404366,0.6283450136600431,0.5594290255349137,-0.06891598812512945,0.6242189473684211,0.576210650009277,-0.048008297359144136,0.605021383156902,0.5659461509290861,-0.03907523222781595,0.5352535324417561,0.6581922441795053,0.5600816804552484,0.5756752165789026,0.5856087981146897,,,,
SID92,0.5,0.4370002746582031,0.8728370666503906,0.8728370666503906,1.0,0.5778640902746973,0.6394505321744528,0.061586441899755484,0.6656453203658247,0.669250677421081,0.0036053570552563308,0.620745362513174,0.6317556814957551,0.011010318982581091,0.6199673517845218,0.6334899426312823,0.013522590846760552,0.5778640902746973,0.6394505321744528,0.061586441899755484,0.6025104348915297,0.6380456231746784,0.03553518828314872,0.57927847860788,0.6305911017382937,0.05131262313041374,0.6656453203658247,0.669250677421081,0.0036053570552563308,0.6627143494613374,0.6668425565595937,0.004128207098256231,0.6807105893030984,0.6712950555260477,-0.009415533777050622,0.5776732791213128,0.6399404632106254,0.6688475149274604,0.6313110377465567,0.6336043600593748,,,,
SID93,0.5,0.029863357543945312,1.0,1.0,1.0,0.0,0.0002886703175791856,0.0002886703175791856,0.0,0.0,0.0,0.0,0.0,0.0,0.0,0.0,0.0,0.0,0.0002886703175791856,0.0002886703175791856,1.3814253546809597e-05,0.0015791632485643971,0.0015653489950175875,0.0,0.00030553223248437356,0.00030553223248437356,0.0,0.0,0.0,0.0,0.0,0.0,0.0,0.0,0.0,0.0,0.0005822467667660603,0.0,0.0,0.0,,,,
SID97,0.5,0.19820594787597656,1.0,1.0,1.0,0.1555497003420834,0.36223938899982905,0.20668968865774565,0.6976248074121068,0.6899112028802098,-0.007713604531896956,0.6504050160989663,0.6495208427378643,-0.0008841733611020253,0.6415362683662125,0.6447437948073462,0.0032075264411337567,0.1555497003420834,0.36223938899982905,0.20668968865774565,0.2444408948372832,0.40189396829731605,0.15745307346003284,0.1547993968970532,0.32804595766171457,0.17324656076466138,0.6976248074121068,0.6899112028802098,-0.007713604531896956,0.692896840135914,0.7031396865413901,0.010242846405476125,0.6567846461097558,0.6989700140614851,0.042185367951729225,0.42633739671515153,0.3637718388249436,0.6905554829618695,0.6516509964850311,0.6410639802050194,,,,
SID98,0.5,0.06735420227050781,1.0,1.0,1.0,0.01813210874531015,0.18438862792292662,0.16625651917761647,0.5111003078917518,0.4683924020096286,-0.04270790588212314,0.5011185430835816,0.4747818239845048,-0.02633671909907681,0.49424069758365763,0.4701712544304217,-0.024069443153235948,0.01813210874531015,0.18438862792292662,0.16625651917761647,0.04066595006195075,0.19942048964795384,0.15875453958600308,0.020270089941017908,0.19609224855861626,0.17582215861759837,0.5111003078917518,0.4683924020096286,-0.04270790588212314,0.5012659843826465,0.4684700625953861,-0.032795921787260374,0.5222031518177562,0.4695550609339533,-0.0526480908838029,0.2584350627331299,0.16598811547228481,0.47498099822650114,0.4774533460252806,0.4715822501120574,,,,
SID99,0.5,0.005398750305175781,1.0,1.0,1.0,0.0,0.0,0.0,0.018409019236833805,0.0021355668959396495,-0.016273452340894154,0.016352268476460215,0.0,-0.016352268476460215,0.012414341046777237,0.0003462104382447131,-0.012068130608532525,0.0,0.0,0.0,0.0,0.0,0.0,0.0,0.0,0.0,0.018409019236833805,0.0021355668959396495,-0.016273452340894154,0.025767661584711186,0.004166018964713198,-0.021601642619997988,0.024009665561296623,0.005970834768630153,-0.01803883079266647,0.0062457569585879155,0.0,0.004045646047822327,0.0020480145636591193,0.0010483122173300986,,,,
