scene_id,product,tile,crs,frozen_crs,same_crs,transform,offset_x_mod30_m,offset_y_mod30_m
23,OPERA_L3_DSWx-S1_T12SUE_20190818T132705Z_20260921T162148Z_S1A_30_v1.2-posttag-e7f20a_B02_BWTR.tif,T12SUE,EPSG:32612,EPSG:32612,True,"[30.0, 0.0, 300000.0, 0.0, -30.0, 4000000.0]",0.0,20.0
23,OPERA_L3_DSWx-S1_T12SUF_20190818T132705Z_20260921T162148Z_S1A_30_v1.2-posttag-e7f20a_B02_BWTR.tif,T12SUF,EPSG:32612,EPSG:32612,True,"[30.0, 0.0, 300000.0, 0.0, -30.0, 4100000.0]",0.0,10.0
23,OPERA_L3_DSWx-S1_T12SUG_20190818T132705Z_20260921T162148Z_S1A_30_v1.2-posttag-e7f20a_B02_BWTR.tif,T12SUG,EPSG:32612,EPSG:32612,True,"[30.0, 0.0, 300000.0, 0.0, -30.0, 4200000.0]",0.0,0.0
23,OPERA_L3_DSWx-S1_T12SVE_20190818T132705Z_20260921T162148Z_S1A_30_v1.2-posttag-e7f20a_B02_BWTR.tif,T12SVE,EPSG:32612,EPSG:32612,True,"[30.0, 0.0, 400000.0, 0.0, -30.0, 4000000.0]",10.0,20.0
23,OPERA_L3_DSWx-S1_T12SVF_20190818T132705Z_20260921T162148Z_S1A_30_v1.2-posttag-e7f20a_B02_BWTR.tif,T12SVF,EPSG:32612,EPSG:32612,True,"[30.0, 0.0, 400000.0, 0.0, -30.0, 4100000.0]",10.0,10.0
23,OPERA_L3_DSWx-S1_T12SVG_20190818T132705Z_20260921T162148Z_S1A_30_v1.2-posttag-e7f20a_B02_BWTR.tif,T12SVG,EPSG:32612,EPSG:32612,True,"[30.0, 0.0, 400000.0, 0.0, -30.0, 4200000.0]",10.0,0.0
23,OPERA_L3_DSWx-S1_T12SWE_20190818T132705Z_20260921T162148Z_S1A_30_v1.2-posttag-e7f20a_B02_BWTR.tif,T12SWE,EPSG:32612,EPSG:32612,True,"[30.0, 0.0, 500000.0, 0.0, -30.0, 4000000.0]",20.0,20.0
23,OPERA_L3_DSWx-S1_T12SWF_20190818T132705Z_20260921T162148Z_S1A_30_v1.2-posttag-e7f20a_B02_BWTR.tif,T12SWF,EPSG:32612,EPSG:32612,True,"[30.0, 0.0, 500000.0, 0.0, -30.0, 4100000.0]",20.0,10.0
23,OPERA_L3_DSWx-S1_T12SWG_20190818T132705Z_20260921T162148Z_S1A_30_v1.2-posttag-e7f20a_B02_BWTR.tif,T12SWG,EPSG:32612,EPSG:32612,True,"[30.0, 0.0, 500000.0, 0.0, -30.0, 4200000.0]",20.0,0.0
25,OPERA_L3_DSWx-S1_T36VXJ_20190827T035235Z_20260921T162135Z_S1B_30_v1.2-posttag-e7f20a_B02_BWTR.tif,T36VXJ,EPSG:32636,EPSG:32637,False,"[30.0, 0.0, 600000.0, 0.0, -30.0, 6400000.0]",,
25,OPERA_L3_DSWx-S1_T36VXK_20190827T035235Z_20260921T162135Z_S1B_30_v1.2-posttag-e7f20a_B02_BWTR.tif,T36VXK,EPSG:32636,EPSG:32637,False,"[30.0, 0.0, 600000.0, 0.0, -30.0, 6500000.0]",,
25,OPERA_L3_DSWx-S1_T37VCD_20190827T035235Z_20260921T162135Z_S1B_30_v1.2-posttag-e7f20a_B02_BWTR.tif,T37VCD,EPSG:32637,EPSG:32637,True,"[30.0, 0.0, 300000.0, 0.0, -30.0, 6400000.0]",0.0,20.0
25,OPERA_L3_DSWx-S1_T37VCE_20190827T035235Z_20260921T162135Z_S1B_30_v1.2-posttag-e7f20a_B02_BWTR.tif,T37VCE,EPSG:32637,EPSG:32637,True,"[30.0, 0.0, 300000.0, 0.0, -30.0, 6500000.0]",0.0,10.0
25,OPERA_L3_DSWx-S1_T37VCF_20190827T035235Z_20260921T162135Z_S1B_30_v1.2-posttag-e7f20a_B02_BWTR.tif,T37VCF,EPSG:32637,EPSG:32637,True,"[30.0, 0.0, 300000.0, 0.0, -30.0, 6600000.0]",0.0,0.0
25,OPERA_L3_DSWx-S1_T37VDD_20190827T035235Z_20260921T162135Z_S1B_30_v1.2-posttag-e7f20a_B02_BWTR.tif,T37VDD,EPSG:32637,EPSG:32637,True,"[30.0, 0.0, 400000.0, 0.0, -30.0, 6400000.0]",10.0,20.0
25,OPERA_L3_DSWx-S1_T37VDE_20190827T035235Z_20260921T162135Z_S1B_30_v1.2-posttag-e7f20a_B02_BWTR.tif,T37VDE,EPSG:32637,EPSG:32637,True,"[30.0, 0.0, 400000.0, 0.0, -30.0, 6500000.0]",10.0,10.0
25,OPERA_L3_DSWx-S1_T37VDF_20190827T035235Z_20260921T162135Z_S1B_30_v1.2-posttag-e7f20a_B02_BWTR.tif,T37VDF,EPSG:32637,EPSG:32637,True,"[30.0, 0.0, 400000.0, 0.0, -30.0, 6600000.0]",10.0,0.0
29,OPERA_L3_DSWx-S1_T15RXQ_20190902T001057Z_20260921T174303Z_S1A_30_v1.2-posttag-e7f20a_B02_BWTR.tif,T15RXQ,EPSG:32615,EPSG:32615,True,"[30.0, 0.0, 600000.0, 0.0, -30.0, 3500000.0]",0.0,10.0
29,OPERA_L3_DSWx-S1_T15RXR_20190902T001057Z_20260921T174303Z_S1A_30_v1.2-posttag-e7f20a_B02_BWTR.tif,T15RXR,EPSG:32615,EPSG:32615,True,"[30.0, 0.0, 600000.0, 0.0, -30.0, 3600000.0]",0.0,0.0
29,OPERA_L3_DSWx-S1_T15RYQ_20190902T001057Z_20260921T174303Z_S1A_30_v1.2-posttag-e7f20a_B02_BWTR.tif,T15RYQ,EPSG:32615,EPSG:32615,True,"[30.0, 0.0, 700000.0, 0.0, -30.0, 3500000.0]",10.0,10.0
29,OPERA_L3_DSWx-S1_T15RYR_20190902T001057Z_20260921T174303Z_S1A_30_v1.2-posttag-e7f20a_B02_BWTR.tif,T15RYR,EPSG:32615,EPSG:32615,True,"[30.0, 0.0, 700000.0, 0.0, -30.0, 3600000.0]",10.0,0.0
29,OPERA_L3_DSWx-S1_T15SXR_20190902T001057Z_20260921T174303Z_S1A_30_v1.2-posttag-e7f20a_B02_BWTR.tif,T15SXR,EPSG:32615,EPSG:32615,True,"[30.0, 0.0, 600000.0, 0.0, -30.0, 3600000.0]",0.0,0.0
29,OPERA_L3_DSWx-S1_T15SXS_20190902T001057Z_20260921T174303Z_S1A_30_v1.2-posttag-e7f20a_B02_BWTR.tif,T15SXS,EPSG:32615,EPSG:32615,True,"[30.0, 0.0, 600000.0, 0.0, -30.0, 3700000.0]",0.0,20.0
29,OPERA_L3_DSWx-S1_T15SYR_20190902T001057Z_20260921T174303Z_S1A_30_v1.2-posttag-e7f20a_B02_BWTR.tif,T15SYR,EPSG:32615,EPSG:32615,True,"[30.0, 0.0, 700000.0, 0.0, -30.0, 3600000.0]",10.0,0.0
29,OPERA_L3_DSWx-S1_T15SYS_20190902T001057Z_20260921T174303Z_S1A_30_v1.2-posttag-e7f20a_B02_BWTR.tif,T15SYS,EPSG:32615,EPSG:32615,True,"[30.0, 0.0, 700000.0, 0.0, -30.0, 3700000.0]",10.0,20.0
33,OPERA_L3_DSWx-S1_T18TXR_20190918T224426Z_20260921T174256Z_S1A_30_v1.2-posttag-e7f20a_B02_BWTR.tif,T18TXR,EPSG:32618,EPSG:32618,True,"[30.0, 0.0, 600000.0, 0.0, -30.0, 5100000.0]",0.0,0.0
33,OPERA_L3_DSWx-S1_T18TXS_20190918T224426Z_20260921T174256Z_S1A_30_v1.2-posttag-e7f20a_B02_BWTR.tif,T18TXS,EPSG:32618,EPSG:32618,True,"[30.0, 0.0, 600000.0, 0.0, -30.0, 5200000.0]",0.0,20.0
33,OPERA_L3_DSWx-S1_T18TXT_20190918T224426Z_20260921T174256Z_S1A_30_v1.2-posttag-e7f20a_B02_BWTR.tif,T18TXT,EPSG:32618,EPSG:32618,True,"[30.0, 0.0, 600000.0, 0.0, -30.0, 5300000.0]",0.0,10.0
33,OPERA_L3_DSWx-S1_T18TYR_20190918T224426Z_20260921T174256Z_S1A_30_v1.2-posttag-e7f20a_B02_BWTR.tif,T18TYR,EPSG:32618,EPSG:32618,True,"[30.0, 0.0, 700000.0, 0.0, -30.0, 5100000.0]",10.0,0.0
33,OPERA_L3_DSWx-S1_T18TYS_20190918T224426Z_20260921T174256Z_S1A_30_v1.2-posttag-e7f20a_B02_BWTR.tif,T18TYS,EPSG:32618,EPSG:32618,True,"[30.0, 0.0, 700000.0, 0.0, -30.0, 5200000.0]",10.0,20.0
33,OPERA_L3_DSWx-S1_T18TYT_20190918T224426Z_20260921T174256Z_S1A_30_v1.2-posttag-e7f20a_B02_BWTR.tif,T18TYT,EPSG:32618,EPSG:32618,True,"[30.0, 0.0, 700000.0, 0.0, -30.0, 5300000.0]",10.0,10.0
35,OPERA_L3_DSWx-S1_T12TVP_20190916T133302Z_20260921T182659Z_S1A_30_v1.2-posttag-e7f20a_B02_BWTR.tif,T12TVP,EPSG:32612,EPSG:32612,True,"[30.0, 0.0, 400000.0, 0.0, -30.0, 4900000.0]",10.0,20.0
35,OPERA_L3_DSWx-S1_T12TVQ_20190916T133302Z_20260921T182659Z_S1A_30_v1.2-posttag-e7f20a_B02_BWTR.tif,T12TVQ,EPSG:32612,EPSG:32612,True,"[30.0, 0.0, 400000.0, 0.0, -30.0, 5000000.0]",10.0,10.0
35,OPERA_L3_DSWx-S1_T12TVR_20190916T133302Z_20260921T182659Z_S1A_30_v1.2-posttag-e7f20a_B02_BWTR.tif,T12TVR,EPSG:32612,EPSG:32612,True,"[30.0, 0.0, 400000.0, 0.0, -30.0, 5100000.0]",10.0,0.0
35,OPERA_L3_DSWx-S1_T12TWP_20190916T133302Z_20260921T182659Z_S1A_30_v1.2-posttag-e7f20a_B02_BWTR.tif,T12TWP,EPSG:32612,EPSG:32612,True,"[30.0, 0.0, 500000.0, 0.0, -30.0, 4900000.0]",20.0,20.0
35,OPERA_L3_DSWx-S1_T12TWQ_20190916T133302Z_20260921T182659Z_S1A_30_v1.2-posttag-e7f20a_B02_BWTR.tif,T12TWQ,EPSG:32612,EPSG:32612,True,"[30.0, 0.0, 500000.0, 0.0, -30.0, 5000000.0]",20.0,10.0
35,OPERA_L3_DSWx-S1_T12TWR_20190916T133302Z_20260921T182659Z_S1A_30_v1.2-posttag-e7f20a_B02_BWTR.tif,T12TWR,EPSG:32612,EPSG:32612,True,"[30.0, 0.0, 500000.0, 0.0, -30.0, 5100000.0]",20.0,0.0
35,OPERA_L3_DSWx-S1_T12TXP_20190916T133302Z_20260921T182659Z_S1A_30_v1.2-posttag-e7f20a_B02_BWTR.tif,T12TXP,EPSG:32612,EPSG:32612,True,"[30.0, 0.0, 600000.0, 0.0, -30.0, 4900000.0]",0.0,20.0
35,OPERA_L3_DSWx-S1_T12TXQ_20190916T133302Z_20260921T182659Z_S1A_30_v1.2-posttag-e7f20a_B02_BWTR.tif,T12TXQ,EPSG:32612,EPSG:32612,True,"[30.0, 0.0, 600000.0, 0.0, -30.0, 5000000.0]",0.0,10.0
35,OPERA_L3_DSWx-S1_T12TXR_20190916T133302Z_20260921T182659Z_S1A_30_v1.2-posttag-e7f20a_B02_BWTR.tif,T12TXR,EPSG:32612,EPSG:32612,True,"[30.0, 0.0, 600000.0, 0.0, -30.0, 5100000.0]",0.0,0.0
47,OPERA_L3_DSWx-S1_T18PVR_20190104T104853Z_20260921T182817Z_S1B_30_v1.2-posttag-e7f20a_B02_BWTR.tif,T18PVR,EPSG:32618,EPSG:32618,True,"[30.0, 0.0, 400000.0, 0.0, -30.0, 1100000.0]",10.0,10.0
47,OPERA_L3_DSWx-S1_T18PVS_20190104T104853Z_20260921T182817Z_S1B_30_v1.2-posttag-e7f20a_B02_BWTR.tif,T18PVS,EPSG:32618,EPSG:32618,True,"[30.0, 0.0, 400000.0, 0.0, -30.0, 1200000.0]",10.0,0.0
47,OPERA_L3_DSWx-S1_T18PVT_20190104T104853Z_20260921T182817Z_S1B_30_v1.2-posttag-e7f20a_B02_BWTR.tif,T18PVT,EPSG:32618,EPSG:32618,True,"[30.0, 0.0, 400000.0, 0.0, -30.0, 1300000.0]",10.0,20.0
47,OPERA_L3_DSWx-S1_T18PWR_20190104T104853Z_20260921T182817Z_S1B_30_v1.2-posttag-e7f20a_B02_BWTR.tif,T18PWR,EPSG:32618,EPSG:32618,True,"[30.0, 0.0, 500000.0, 0.0, -30.0, 1100000.0]",20.0,10.0
47,OPERA_L3_DSWx-S1_T18PWS_20190104T104853Z_20260921T182817Z_S1B_30_v1.2-posttag-e7f20a_B02_BWTR.tif,T18PWS,EPSG:32618,EPSG:32618,True,"[30.0, 0.0, 500000.0, 0.0, -30.0, 1200000.0]",20.0,0.0
47,OPERA_L3_DSWx-S1_T18PWT_20190104T104853Z_20260921T182817Z_S1B_30_v1.2-posttag-e7f20a_B02_BWTR.tif,T18PWT,EPSG:32618,EPSG:32618,True,"[30.0, 0.0, 500000.0, 0.0, -30.0, 1300000.0]",20.0,20.0
47,OPERA_L3_DSWx-S1_T18PXS_20190104T104853Z_20260921T182817Z_S1B_30_v1.2-posttag-e7f20a_B02_BWTR.tif,T18PXS,EPSG:32618,EPSG:32618,True,"[30.0, 0.0, 600000.0, 0.0, -30.0, 1200000.0]",0.0,0.0
47,OPERA_L3_DSWx-S1_T18PXT_20190104T104853Z_20260921T182817Z_S1B_30_v1.2-posttag-e7f20a_B02_BWTR.tif,T18PXT,EPSG:32618,EPSG:32618,True,"[30.0, 0.0, 600000.0, 0.0, -30.0, 1300000.0]",0.0,20.0
53,OPERA_L3_DSWx-S1_T52TFQ_20190416T212100Z_20260921T184040Z_S1B_30_v1.2-posttag-e7f20a_B02_BWTR.tif,T52TFQ,EPSG:32652,EPSG:32652,True,"[30.0, 0.0, 600000.0, 0.0, -30.0, 5000000.0]",0.0,10.0
53,OPERA_L3_DSWx-S1_T52TFR_20190416T212100Z_20260921T184040Z_S1B_30_v1.2-posttag-e7f20a_B02_BWTR.tif,T52TFR,EPSG:32652,EPSG:32652,True,"[30.0, 0.0, 600000.0, 0.0, -30.0, 5100000.0]",0.0,0.0
53,OPERA_L3_DSWx-S1_T52TFS_20190416T212100Z_20260921T184040Z_S1B_30_v1.2-posttag-e7f20a_B02_BWTR.tif,T52TFS,EPSG:32652,EPSG:32652,True,"[30.0, 0.0, 600000.0, 0.0, -30.0, 5200000.0]",0.0,20.0
53,OPERA_L3_DSWx-S1_T52TGQ_20190416T212100Z_20260921T184040Z_S1B_30_v1.2-posttag-e7f20a_B02_BWTR.tif,T52TGQ,EPSG:32652,EPSG:32652,True,"[30.0, 0.0, 700000.0, 0.0, -30.0, 5000000.0]",10.0,10.0
53,OPERA_L3_DSWx-S1_T52TGR_20190416T212100Z_20260921T184040Z_S1B_30_v1.2-posttag-e7f20a_B02_BWTR.tif,T52TGR,EPSG:32652,EPSG:32652,True,"[30.0, 0.0, 700000.0, 0.0, -30.0, 5100000.0]",10.0,0.0
53,OPERA_L3_DSWx-S1_T52TGS_20190416T212100Z_20260921T184040Z_S1B_30_v1.2-posttag-e7f20a_B02_BWTR.tif,T52TGS,EPSG:32652,EPSG:32652,True,"[30.0, 0.0, 700000.0, 0.0, -30.0, 5200000.0]",10.0,20.0
53,OPERA_L3_DSWx-S1_T53TKK_20190416T212100Z_20260921T184040Z_S1B_30_v1.2-posttag-e7f20a_B02_BWTR.tif,T53TKK,EPSG:32653,EPSG:32652,False,"[30.0, 0.0, 200000.0, 0.0, -30.0, 5000000.0]",,
53,OPERA_L3_DSWx-S1_T53TKL_20190416T212100Z_20260921T184040Z_S1B_30_v1.2-posttag-e7f20a_B02_BWTR.tif,T53TKL,EPSG:32653,EPSG:32652,False,"[30.0, 0.0, 200000.0, 0.0, -30.0, 5100000.0]",,
53,OPERA_L3_DSWx-S1_T53TLK_20190416T212100Z_20260921T184040Z_S1B_30_v1.2-posttag-e7f20a_B02_BWTR.tif,T53TLK,EPSG:32653,EPSG:32652,False,"[30.0, 0.0, 300000.0, 0.0, -30.0, 5000000.0]",,
53,OPERA_L3_DSWx-S1_T53TLL_20190416T212100Z_20260921T184040Z_S1B_30_v1.2-posttag-e7f20a_B02_BWTR.tif,T53TLL,EPSG:32653,EPSG:32652,False,"[30.0, 0.0, 300000.0, 0.0, -30.0, 5100000.0]",,
57,OPERA_L3_DSWx-S1_T38TPQ_20190617T025827Z_20260915T194154Z_S1B_30_v1.0_B02_BWTR.tif,T38TPQ,EPSG:32638,EPSG:32638,True,"[30.0, 0.0, 600000.0, 0.0, -30.0, 5000000.0]",0.0,10.0
57,OPERA_L3_DSWx-S1_T38TPR_20190617T025827Z_20260915T194154Z_S1B_30_v1.0_B02_BWTR.tif,T38TPR,EPSG:32638,EPSG:32638,True,"[30.0, 0.0, 600000.0, 0.0, -30.0, 5100000.0]",0.0,0.0
57,OPERA_L3_DSWx-S1_T38TPS_20190617T025827Z_20260915T194154Z_S1B_30_v1.0_B02_BWTR.tif,T38TPS,EPSG:32638,EPSG:32638,True,"[30.0, 0.0, 600000.0, 0.0, -30.0, 5200000.0]",0.0,20.0
57,OPERA_L3_DSWx-S1_T38TQQ_20190617T025827Z_20260915T194154Z_S1B_30_v1.0_B02_BWTR.tif,T38TQQ,EPSG:32638,EPSG:32638,True,"[30.0, 0.0, 700000.0, 0.0, -30.0, 5000000.0]",10.0,10.0
57,OPERA_L3_DSWx-S1_T38TQR_20190617T025827Z_20260915T194154Z_S1B_30_v1.0_B02_BWTR.tif,T38TQR,EPSG:32638,EPSG:32638,True,"[30.0, 0.0, 700000.0, 0.0, -30.0, 5100000.0]",10.0,0.0
57,OPERA_L3_DSWx-S1_T38TQS_20190617T025827Z_20260915T194154Z_S1B_30_v1.0_B02_BWTR.tif,T38TQS,EPSG:32638,EPSG:32638,True,"[30.0, 0.0, 700000.0, 0.0, -30.0, 5200000.0]",10.0,20.0
57,OPERA_L3_DSWx-S1_T39TTK_20190617T025827Z_20260915T194154Z_S1B_30_v1.0_B02_BWTR.tif,T39TTK,EPSG:32639,EPSG:32638,False,"[30.0, 0.0, 200000.0, 0.0, -30.0, 5000000.0]",,
57,OPERA_L3_DSWx-S1_T39TTL_20190617T025827Z_20260915T194154Z_S1B_30_v1.0_B02_BWTR.tif,T39TTL,EPSG:32639,EPSG:32638,False,"[30.0, 0.0, 200000.0, 0.0, -30.0, 5100000.0]",,
57,OPERA_L3_DSWx-S1_T39TUK_20190617T025827Z_20260915T194154Z_S1B_30_v1.0_B02_BWTR.tif,T39TUK,EPSG:32639,EPSG:32638,False,"[30.0, 0.0, 300000.0, 0.0, -30.0, 5000000.0]",,
57,OPERA_L3_DSWx-S1_T39TUL_20190617T025827Z_20260915T194154Z_S1B_30_v1.0_B02_BWTR.tif,T39TUL,EPSG:32639,EPSG:32638,False,"[30.0, 0.0, 300000.0, 0.0, -30.0, 5100000.0]",,
75,OPERA_L3_DSWx-S1_T37TCK_20190911T033209Z_20260921T185330Z_S1A_30_v1.2-posttag-e7f20a_B02_BWTR.tif,T37TCK,EPSG:32637,EPSG:32637,True,"[30.0, 0.0, 300000.0, 0.0, -30.0, 5000000.0]",0.0,10.0
75,OPERA_L3_DSWx-S1_T37TCL_20190911T033209Z_20260921T185330Z_S1A_30_v1.2-posttag-e7f20a_B02_BWTR.tif,T37TCL,EPSG:32637,EPSG:32637,True,"[30.0, 0.0, 300000.0, 0.0, -30.0, 5100000.0]",0.0,0.0
75,OPERA_L3_DSWx-S1_T37TCM_20190911T033209Z_20260921T185330Z_S1A_30_v1.2-posttag-e7f20a_B02_BWTR.tif,T37TCM,EPSG:32637,EPSG:32637,True,"[30.0, 0.0, 300000.0, 0.0, -30.0, 5200000.0]",0.0,20.0
75,OPERA_L3_DSWx-S1_T37TDK_20190911T033209Z_20260921T185330Z_S1A_30_v1.2-posttag-e7f20a_B02_BWTR.tif,T37TDK,EPSG:32637,EPSG:32637,True,"[30.0, 0.0, 400000.0, 0.0, -30.0, 5000000.0]",10.0,10.0
75,OPERA_L3_DSWx-S1_T37TDL_20190911T033209Z_20260921T185330Z_S1A_30_v1.2-posttag-e7f20a_B02_BWTR.tif,T37TDL,EPSG:32637,EPSG:32637,True,"[30.0, 0.0, 400000.0, 0.0, -30.0, 5100000.0]",10.0,0.0
75,OPERA_L3_DSWx-S1_T37TDM_20190911T033209Z_20260921T185330Z_S1A_30_v1.2-posttag-e7f20a_B02_BWTR.tif,T37TDM,EPSG:32637,EPSG:32637,True,"[30.0, 0.0, 400000.0, 0.0, -30.0, 5200000.0]",10.0,20.0
75,OPERA_L3_DSWx-S1_T37TEK_20190911T033209Z_20260921T185330Z_S1A_30_v1.2-posttag-e7f20a_B02_BWTR.tif,T37TEK,EPSG:32637,EPSG:32637,True,"[30.0, 0.0, 500000.0, 0.0, -30.0, 5000000.0]",20.0,10.0
75,OPERA_L3_DSWx-S1_T37TEL_20190911T033209Z_20260921T185330Z_S1A_30_v1.2-posttag-e7f20a_B02_BWTR.tif,T37TEL,EPSG:32637,EPSG:32637,True,"[30.0, 0.0, 500000.0, 0.0, -30.0, 5100000.0]",20.0,0.0
75,OPERA_L3_DSWx-S1_T37TEM_20190911T033209Z_20260921T185330Z_S1A_30_v1.2-posttag-e7f20a_B02_BWTR.tif,T37TEM,EPSG:32637,EPSG:32637,True,"[30.0, 0.0, 500000.0, 0.0, -30.0, 5200000.0]",20.0,20.0
77,OPERA_L3_DSWx-S1_T46UFC_20190918T235528Z_20260921T185253Z_S1B_30_v1.2-posttag-e7f20a_B02_BWTR.tif,T46UFC,EPSG:32646,EPSG:32646,True,"[30.0, 0.0, 600000.0, 0.0, -30.0, 5800000.0]",0.0,20.0
77,OPERA_L3_DSWx-S1_T46UFD_20190918T235528Z_20260921T185253Z_S1B_30_v1.2-posttag-e7f20a_B02_BWTR.tif,T46UFD,EPSG:32646,EPSG:32646,True,"[30.0, 0.0, 600000.0, 0.0, -30.0, 5900000.0]",0.0,10.0
77,OPERA_L3_DSWx-S1_T46UFE_20190918T235528Z_20260921T185253Z_S1B_30_v1.2-posttag-e7f20a_B02_BWTR.tif,T46UFE,EPSG:32646,EPSG:32646,True,"[30.0, 0.0, 600000.0, 0.0, -30.0, 6000000.0]",0.0,0.0
77,OPERA_L3_DSWx-S1_T47UKT_20190918T235528Z_20260921T185253Z_S1B_30_v1.2-posttag-e7f20a_B02_BWTR.tif,T47UKT,EPSG:32647,EPSG:32646,False,"[30.0, 0.0, 200000.0, 0.0, -30.0, 5800000.0]",,
77,OPERA_L3_DSWx-S1_T47UKU_20190918T235528Z_20260921T185253Z_S1B_30_v1.2-posttag-e7f20a_B02_BWTR.tif,T47UKU,EPSG:32647,EPSG:32646,False,"[30.0, 0.0, 200000.0, 0.0, -30.0, 5900000.0]",,
77,OPERA_L3_DSWx-S1_T47ULT_20190918T235528Z_20260921T185253Z_S1B_30_v1.2-posttag-e7f20a_B02_BWTR.tif,T47ULT,EPSG:32647,EPSG:32646,False,"[30.0, 0.0, 300000.0, 0.0, -30.0, 5800000.0]",,
77,OPERA_L3_DSWx-S1_T47ULU_20190918T235528Z_20260921T185253Z_S1B_30_v1.2-posttag-e7f20a_B02_BWTR.tif,T47ULU,EPSG:32647,EPSG:32646,False,"[30.0, 0.0, 300000.0, 0.0, -30.0, 5900000.0]",,
78,OPERA_L3_DSWx-S1_T13TFF_20190916T004553Z_20260921T190820Z_S1B_30_v1.2-posttag-e7f20a_B02_BWTR.tif,T13TFF,EPSG:32613,EPSG:32613,True,"[30.0, 0.0, 600000.0, 0.0, -30.0, 4600000.0]",0.0,20.0
78,OPERA_L3_DSWx-S1_T13TFG_20190916T004553Z_20260921T190820Z_S1B_30_v1.2-posttag-e7f20a_B02_BWTR.tif,T13TFG,EPSG:32613,EPSG:32613,True,"[30.0, 0.0, 600000.0, 0.0, -30.0, 4700000.0]",0.0,10.0
78,OPERA_L3_DSWx-S1_T13TFH_20190916T004553Z_20260921T190820Z_S1B_30_v1.2-posttag-e7f20a_B02_BWTR.tif,T13TFH,EPSG:32613,EPSG:32613,True,"[30.0, 0.0, 600000.0, 0.0, -30.0, 4800000.0]",0.0,0.0
78,OPERA_L3_DSWx-S1_T13TGF_20190916T004553Z_20260921T190820Z_S1B_30_v1.2-posttag-e7f20a_B02_BWTR.tif,T13TGF,EPSG:32613,EPSG:32613,True,"[30.0, 0.0, 700000.0, 0.0, -30.0, 4600000.0]",10.0,20.0
78,OPERA_L3_DSWx-S1_T13TGG_20190916T004553Z_20260921T190820Z_S1B_30_v1.2-posttag-e7f20a_B02_BWTR.tif,T13TGG,EPSG:32613,EPSG:32613,True,"[30.0, 0.0, 700000.0, 0.0, -30.0, 4700000.0]",10.0,10.0
78,OPERA_L3_DSWx-S1_T13TGH_20190916T004553Z_20260921T190820Z_S1B_30_v1.2-posttag-e7f20a_B02_BWTR.tif,T13TGH,EPSG:32613,EPSG:32613,True,"[30.0, 0.0, 700000.0, 0.0, -30.0, 4800000.0]",10.0,0.0
78,OPERA_L3_DSWx-S1_T14TKL_20190916T004553Z_20260921T190820Z_S1B_30_v1.2-posttag-e7f20a_B02_BWTR.tif,T14TKL,EPSG:32614,EPSG:32613,False,"[30.0, 0.0, 200000.0, 0.0, -30.0, 4600000.0]",,
78,OPERA_L3_DSWx-S1_T14TKM_20190916T004553Z_20260921T190820Z_S1B_30_v1.2-posttag-e7f20a_B02_BWTR.tif,T14TKM,EPSG:32614,EPSG:32613,False,"[30.0, 0.0, 200000.0, 0.0, -30.0, 4700000.0]",,
78,OPERA_L3_DSWx-S1_T14TLL_20190916T004553Z_20260921T190820Z_S1B_30_v1.2-posttag-e7f20a_B02_BWTR.tif,T14TLL,EPSG:32614,EPSG:32613,False,"[30.0, 0.0, 300000.0, 0.0, -30.0, 4600000.0]",,
78,OPERA_L3_DSWx-S1_T14TLM_20190916T004553Z_20260921T190820Z_S1B_30_v1.2-posttag-e7f20a_B02_BWTR.tif,T14TLM,EPSG:32614,EPSG:32613,False,"[30.0, 0.0, 300000.0, 0.0, -30.0, 4700000.0]",,
80,OPERA_L3_DSWx-S1_T21HUB_20191014T091418Z_20260921T191039Z_S1B_30_v1.2-posttag-e7f20a_B02_BWTR.tif,T21HUB,EPSG:32721,EPSG:32721,True,"[30.0, 0.0, 300000.0, 0.0, -30.0, 6200000.0]",0.0,10.0
80,OPERA_L3_DSWx-S1_T21HUC_20191014T091418Z_20260921T191039Z_S1B_30_v1.2-posttag-e7f20a_B02_BWTR.tif,T21HUC,EPSG:32721,EPSG:32721,True,"[30.0, 0.0, 300000.0, 0.0, -30.0, 6300000.0]",0.0,0.0
80,OPERA_L3_DSWx-S1_T21HUD_20191014T091418Z_20260921T191039Z_S1B_30_v1.2-posttag-e7f20a_B02_BWTR.tif,T21HUD,EPSG:32721,EPSG:32721,True,"[30.0, 0.0, 300000.0, 0.0, -30.0, 6400000.0]",0.0,20.0
80,OPERA_L3_DSWx-S1_T21HVB_20191014T091418Z_20260921T191039Z_S1B_30_v1.2-posttag-e7f20a_B02_BWTR.tif,T21HVB,EPSG:32721,EPSG:32721,True,"[30.0, 0.0, 400000.0, 0.0, -30.0, 6200000.0]",10.0,10.0
80,OPERA_L3_DSWx-S1_T21HVC_20191014T091418Z_20260921T191039Z_S1B_30_v1.2-posttag-e7f20a_B02_BWTR.tif,T21HVC,EPSG:32721,EPSG:32721,True,"[30.0, 0.0, 400000.0, 0.0, -30.0, 6300000.0]",10.0,0.0
80,OPERA_L3_DSWx-S1_T21HVD_20191014T091418Z_20260921T191039Z_S1B_30_v1.2-posttag-e7f20a_B02_BWTR.tif,T21HVD,EPSG:32721,EPSG:32721,True,"[30.0, 0.0, 400000.0, 0.0, -30.0, 6400000.0]",10.0,20.0
82,OPERA_L3_DSWx-S1_T50HKG_20190926T213456Z_20260921T191058Z_S1B_30_v1.2-posttag-e7f20a_B02_BWTR.tif,T50HKG,EPSG:32750,EPSG:32750,True,"[30.0, 0.0, 200000.0, 0.0, -30.0, 6200000.0]",20.0,10.0
82,OPERA_L3_DSWx-S1_T50HKH_20190926T213456Z_20260921T191058Z_S1B_30_v1.2-posttag-e7f20a_B02_BWTR.tif,T50HKH,EPSG:32750,EPSG:32750,True,"[30.0, 0.0, 200000.0, 0.0, -30.0, 6300000.0]",20.0,0.0
82,OPERA_L3_DSWx-S1_T50HKJ_20190926T213456Z_20260921T191058Z_S1B_30_v1.2-posttag-e7f20a_B02_BWTR.tif,T50HKJ,EPSG:32750,EPSG:32750,True,"[30.0, 0.0, 200000.0, 0.0, -30.0, 6400000.0]",20.0,20.0
82,OPERA_L3_DSWx-S1_T50HLG_20190926T213456Z_20260921T191058Z_S1B_30_v1.2-posttag-e7f20a_B02_BWTR.tif,T50HLG,EPSG:32750,EPSG:32750,True,"[30.0, 0.0, 300000.0, 0.0, -30.0, 6200000.0]",0.0,10.0
82,OPERA_L3_DSWx-S1_T50HLH_20190926T213456Z_20260921T191058Z_S1B_30_v1.2-posttag-e7f20a_B02_BWTR.tif,T50HLH,EPSG:32750,EPSG:32750,True,"[30.0, 0.0, 300000.0, 0.0, -30.0, 6300000.0]",0.0,0.0
82,OPERA_L3_DSWx-S1_T50HLJ_20190926T213456Z_20260921T191058Z_S1B_30_v1.2-posttag-e7f20a_B02_BWTR.tif,T50HLJ,EPSG:32750,EPSG:32750,True,"[30.0, 0.0, 300000.0, 0.0, -30.0, 6400000.0]",0.0,20.0
82,OPERA_L3_DSWx-S1_T50HMG_20190926T213456Z_20260921T191058Z_S1B_30_v1.2-posttag-e7f20a_B02_BWTR.tif,T50HMG,EPSG:32750,EPSG:32750,True,"[30.0, 0.0, 400000.0, 0.0, -30.0, 6200000.0]",10.0,10.0
82,OPERA_L3_DSWx-S1_T50HMH_20190926T213456Z_20260921T191058Z_S1B_30_v1.2-posttag-e7f20a_B02_BWTR.tif,T50HMH,EPSG:32750,EPSG:32750,True,"[30.0, 0.0, 400000.0, 0.0, -30.0, 6300000.0]",10.0,0.0
82,OPERA_L3_DSWx-S1_T50HMJ_20190926T213456Z_20260921T191058Z_S1B_30_v1.2-posttag-e7f20a_B02_BWTR.tif,T50HMJ,EPSG:32750,EPSG:32750,True,"[30.0, 0.0, 400000.0, 0.0, -30.0, 6400000.0]",10.0,20.0
88,OPERA_L3_DSWx-S1_T36QUK_20201124T155411Z_20260921T191214Z_S1B_30_v1.2-posttag-e7f20a_B02_BWTR.tif,T36QUK,EPSG:32636,EPSG:32636,True,"[30.0, 0.0, 300000.0, 0.0, -30.0, 2500000.0]",0.0,20.0
88,OPERA_L3_DSWx-S1_T36QUL_20201124T155411Z_20260921T191214Z_S1B_30_v1.2-posttag-e7f20a_B02_BWTR.tif,T36QUL,EPSG:32636,EPSG:32636,True,"[30.0, 0.0, 300000.0, 0.0, -30.0, 2600000.0]",0.0,10.0
88,OPERA_L3_DSWx-S1_T36QUM_20201124T155411Z_20260921T191214Z_S1B_30_v1.2-posttag-e7f20a_B02_BWTR.tif,T36QUM,EPSG:32636,EPSG:32636,True,"[30.0, 0.0, 300000.0, 0.0, -30.0, 2700000.0]",0.0,0.0
88,OPERA_L3_DSWx-S1_T36QVK_20201124T155411Z_20260921T191214Z_S1B_30_v1.2-posttag-e7f20a_B02_BWTR.tif,T36QVK,EPSG:32636,EPSG:32636,True,"[30.0, 0.0, 400000.0, 0.0, -30.0, 2500000.0]",10.0,20.0
88,OPERA_L3_DSWx-S1_T36QVL_20201124T155411Z_20260921T191214Z_S1B_30_v1.2-posttag-e7f20a_B02_BWTR.tif,T36QVL,EPSG:32636,EPSG:32636,True,"[30.0, 0.0, 400000.0, 0.0, -30.0, 2600000.0]",10.0,10.0
88,OPERA_L3_DSWx-S1_T36QVM_20201124T155411Z_20260921T191214Z_S1B_30_v1.2-posttag-e7f20a_B02_BWTR.tif,T36QVM,EPSG:32636,EPSG:32636,True,"[30.0, 0.0, 400000.0, 0.0, -30.0, 2700000.0]",10.0,0.0
88,OPERA_L3_DSWx-S1_T36QWK_20201124T155411Z_20260921T191214Z_S1B_30_v1.2-posttag-e7f20a_B02_BWTR.tif,T36QWK,EPSG:32636,EPSG:32636,True,"[30.0, 0.0, 500000.0, 0.0, -30.0, 2500000.0]",20.0,20.0
88,OPERA_L3_DSWx-S1_T36QWL_20201124T155411Z_20260921T191214Z_S1B_30_v1.2-posttag-e7f20a_B02_BWTR.tif,T36QWL,EPSG:32636,EPSG:32636,True,"[30.0, 0.0, 500000.0, 0.0, -30.0, 2600000.0]",20.0,10.0
88,OPERA_L3_DSWx-S1_T36QWM_20201124T155411Z_20260921T191214Z_S1B_30_v1.2-posttag-e7f20a_B02_BWTR.tif,T36QWM,EPSG:32636,EPSG:32636,True,"[30.0, 0.0, 500000.0, 0.0, -30.0, 2700000.0]",20.0,0.0
89,OPERA_L3_DSWx-S1_T39RVG_20200410T023159Z_20260921T192629Z_S1A_30_v1.2-posttag-e7f20a_B02_BWTR.tif,T39RVG,EPSG:32639,EPSG:32639,True,"[30.0, 0.0, 400000.0, 0.0, -30.0, 2700000.0]",10.0,0.0
89,OPERA_L3_DSWx-S1_T39RVH_20200410T023159Z_20260921T192629Z_S1A_30_v1.2-posttag-e7f20a_B02_BWTR.tif,T39RVH,EPSG:32639,EPSG:32639,True,"[30.0, 0.0, 400000.0, 0.0, -30.0, 2800000.0]",10.0,20.0
89,OPERA_L3_DSWx-S1_T39RVJ_20200410T023159Z_20260921T192629Z_S1A_30_v1.2-posttag-e7f20a_B02_BWTR.tif,T39RVJ,EPSG:32639,EPSG:32639,True,"[30.0, 0.0, 400000.0, 0.0, -30.0, 2900000.0]",10.0,10.0
89,OPERA_L3_DSWx-S1_T39RWG_20200410T023159Z_20260921T192629Z_S1A_30_v1.2-posttag-e7f20a_B02_BWTR.tif,T39RWG,EPSG:32639,EPSG:32639,True,"[30.0, 0.0, 500000.0, 0.0, -30.0, 2700000.0]",20.0,0.0
89,OPERA_L3_DSWx-S1_T39RWH_20200410T023159Z_20260921T192629Z_S1A_30_v1.2-posttag-e7f20a_B02_BWTR.tif,T39RWH,EPSG:32639,EPSG:32639,True,"[30.0, 0.0, 500000.0, 0.0, -30.0, 2800000.0]",20.0,20.0
89,OPERA_L3_DSWx-S1_T39RWJ_20200410T023159Z_20260921T192629Z_S1A_30_v1.2-posttag-e7f20a_B02_BWTR.tif,T39RWJ,EPSG:32639,EPSG:32639,True,"[30.0, 0.0, 500000.0, 0.0, -30.0, 2900000.0]",20.0,10.0
89,OPERA_L3_DSWx-S1_T39RXG_20200410T023159Z_20260921T192629Z_S1A_30_v1.2-posttag-e7f20a_B02_BWTR.tif,T39RXG,EPSG:32639,EPSG:32639,True,"[30.0, 0.0, 600000.0, 0.0, -30.0, 2700000.0]",0.0,0.0
89,OPERA_L3_DSWx-S1_T39RXH_20200410T023159Z_20260921T192629Z_S1A_30_v1.2-posttag-e7f20a_B02_BWTR.tif,T39RXH,EPSG:32639,EPSG:32639,True,"[30.0, 0.0, 600000.0, 0.0, -30.0, 2800000.0]",0.0,20.0
89,OPERA_L3_DSWx-S1_T39RXJ_20200410T023159Z_20260921T192629Z_S1A_30_v1.2-posttag-e7f20a_B02_BWTR.tif,T39RXJ,EPSG:32639,EPSG:32639,True,"[30.0, 0.0, 600000.0, 0.0, -30.0, 2900000.0]",0.0,10.0
