convention,ablation,value,run,per_scene_mean_iou,pooled_recall,pooled_iou,pooled_precision,tp,fp,fn,valid_pixels
thr050_own,aef_width,0,width_k0_seed42_current_tta,0.6047389493197942,0.8328028337195346,0.7609110954460874,0.8981098223321835,10796356,1224842,2167524,55128163
thr050_own,aef_width,0,width_k0_seed43_current_tta,0.623317387147401,0.8653281270730676,0.7649579212147232,0.8683341019685576,11218010,1700992,1745870,55128163
thr050_own,aef_width,0,width_k0_seed44_current_tta,0.6124361679287482,0.8420475968614335,0.753731265992151,0.8778463733222036,10916204,1519006,2047676,55128163
thr050_own,aef_width,1,width_k1_seed42_current_tta,0.7298096232382894,0.9171708993250774,0.8466734540550899,0.9167721667188222,11823893,1073415,1067808,54375556
thr050_own,aef_width,1,width_k1_seed43_current_tta,0.7341561242209085,0.9321731864553793,0.8568499917967757,0.9138233551853646,12017298,1133272,874403,54375556
thr050_own,aef_width,1,width_k1_seed44_current_tta,0.719465379353591,0.9238868478255895,0.8501257793580813,0.9141495676574294,11910473,1118547,981228,54375556
thr050_own,aef_width,2,width_k2_seed42_current_tta,0.7384457619716754,0.9322796890805953,0.8538613792451798,0.9103233141250537,12018671,1183969,873030,54375556
thr050_own,aef_width,2,width_k2_seed43_current_tta,0.735771753254143,0.9363040610389584,0.8487658440178949,0.9007774465791388,12070552,1329597,821149,54375556
thr050_own,aef_width,2,width_k2_seed44_current_tta,0.7369236909998977,0.9364605958515482,0.8530313119499578,0.9054367967530613,12072570,1260851,819131,54375556
thr050_own,aef_width,3,width_k3_seed42_current_tta,0.7399897496655198,0.9367048615229285,0.8536411121882018,0.9058952754391567,12075719,1254430,815982,54375556
thr050_own,aef_width,3,width_k3_seed43_current_tta,0.7400483276241078,0.935488730307971,0.8573980545803811,0.9112784301280017,12060041,1174159,831660,54375556
thr050_own,aef_width,3,width_k3_seed44_current_tta,0.7476695329612416,0.9407521164197029,0.8549956911453601,0.9036547967064598,12127895,1293043,763806,54375556
thr050_own,aef_width,4,width_k4_seed42_current_tta,0.7390464966572546,0.9359294014032749,0.8570255159549566,0.9104402267807492,12065722,1186902,825979,54375556
thr050_own,aef_width,4,width_k4_seed43_current_tta,0.7393259841592927,0.9350050858300235,0.8541903266455405,0.9081114857007808,12053806,1219681,837895,54375556
thr050_own,aef_width,4,width_k4_seed44_current_tta,0.7445052208191785,0.9400100886609145,0.85511138514828,0.9044699515594032,12118329,1279937,773372,54375556
thr050_own,aef_width,8,width_k8_seed42_current_tta,0.7445146480693084,0.9398861329470797,0.8534585419629249,0.9027353181931392,12116731,1305510,774970,54375556
thr050_own,aef_width,8,width_k8_seed43_current_tta,0.7431334517881422,0.9399277100826338,0.8535968837531906,0.902851732614545,12117267,1303837,774434,54375556
thr050_own,aef_width,8,width_k8_seed44_current_tta,0.746292356787279,0.9379129255324802,0.8546727504753918,0.9059272323773289,12091293,1255577,800408,54375556
thr050_own,aef_width,16,width_k16_seed42_current_tta,0.7434219973060019,0.9394379376313491,0.8540569590715361,0.9038193249874065,12110953,1288797,780748,54375556
thr050_own,aef_width,16,width_k16_seed43_current_tta,0.7398653318179805,0.9396731276966477,0.853147462362058,0.9025837217475634,12113985,1307468,777716,54375556
thr050_own,aef_width,16,width_k16_seed44_current_tta,0.7421662904972963,0.9394460824060378,0.8531152610889308,0.9027572389252507,12111058,1304573,780643,54375556
thr050_own,training_tiles,1000,train1000_k16_seed42_current_tta,0.6542333467064047,0.8790383829100598,0.8131518155580555,0.9156034262311175,11332300,1044565,1559401,54375556
thr050_own,training_tiles,1000,train1000_k16_seed43_current_tta,0.6624740321799055,0.8819784914341404,0.8164582258026065,0.9166004420563277,11370203,1034551,1521498,54375556
thr050_own,training_tiles,1000,train1000_k16_seed44_current_tta,0.6324569913389977,0.8562435632039558,0.7949731564920411,0.9174209935830441,11038436,993593,1853265,54375556
thr050_own,training_tiles,2000,train2000_k16_seed42_current_tta,0.7385265332974414,0.9324659329284786,0.8522921530248391,0.9083631018634594,12021072,1212702,870629,54375556
thr050_own,training_tiles,2000,train2000_k16_seed43_current_tta,0.7400528033012806,0.9364082365856918,0.8520251866256291,0.9043521652275965,12071895,1276771,819806,54375556
thr050_own,training_tiles,2000,train2000_k16_seed44_current_tta,0.744897408029029,0.9423759517847955,0.8530519558715468,0.8999977257124798,12148829,1349904,742872,54375556
thr050_own,training_tiles,3000,train3000_k16_seed42_current_tta,0.7427410908623999,0.9374123709508931,0.8521274523139004,0.9035325487611234,12084840,1290262,806861,54375556
thr050_own,training_tiles,3000,train3000_k16_seed43_current_tta,0.7412481930661523,0.9415070982487106,0.8507118885268334,0.8981827115618853,12137628,1375912,754073,54375556
thr050_own,training_tiles,3000,train3000_k16_seed44_current_tta,0.7443419479645377,0.941295178968237,0.8520330025717785,0.8998490895280769,12134896,1350583,756805,54375556
thr050_own,training_tiles,4222,width_k16_seed42_current_tta,0.7434219973060019,0.9394379376313491,0.8540569590715361,0.9038193249874065,12110953,1288797,780748,54375556
thr050_own,training_tiles,4222,width_k16_seed43_current_tta,0.7398653318179805,0.9396731276966477,0.853147462362058,0.9025837217475634,12113985,1307468,777716,54375556
thr050_own,training_tiles,4222,width_k16_seed44_current_tta,0.7421662904972963,0.9394460824060378,0.8531152610889308,0.9027572389252507,12111058,1304573,780643,54375556
thr030_common,aef_width,0,width_k0_seed42_current_tta,0.6173743568613779,0.8542923785576887,0.7677316076543266,0.8834085363688576,10922146,1441495,1862875,51897488
thr030_common,aef_width,0,width_k0_seed43_current_tta,0.6310525879985578,0.8834642508604406,0.7652858703032176,0.8512134026043789,11295109,1974312,1489912,51897488
thr030_common,aef_width,0,width_k0_seed44_current_tta,0.6241516264901954,0.8619873991603142,0.7578512766673358,0.8625073988560819,11020527,1756786,1764494,51897488
thr030_common,aef_width,1,width_k1_seed42_current_tta,0.7329128251471625,0.9348891957236519,0.8491917118861411,0.902571948918952,11952578,1290220,832443,51897488
thr030_common,aef_width,1,width_k1_seed43_current_tta,0.7343574938621188,0.946664068834928,0.8555782896917092,0.8989093841035212,12103120,1361107,681901,51897488
thr030_common,aef_width,1,width_k1_seed44_current_tta,0.7233303846586047,0.9398334973403641,0.8503650632024161,0.8993232205612096,12015791,1345135,769230,51897488
thr030_common,aef_width,2,width_k2_seed42_current_tta,0.7385968710163829,0.9459027091156127,0.8531879872313025,0.8969547381996328,12093386,1389330,691635,51897488
thr030_common,aef_width,2,width_k2_seed43_current_tta,0.7344875113221419,0.9491364151846133,0.8463017531007522,0.8865072914752767,12134729,1553516,650292,51897488
thr030_common,aef_width,2,width_k2_seed44_current_tta,0.7373190294050748,0.9492588240566832,0.851452021672493,0.8920520426548725,12136294,1468623,648727,51897488
thr030_common,aef_width,3,width_k3_seed42_current_tta,0.7384557687145518,0.9491565950497852,0.8509695172364463,0.8916126310381747,12134987,1475169,650034,51897488
thr030_common,aef_width,3,width_k3_seed43_current_tta,0.738291814872353,0.9481818606320631,0.8554792441650931,0.8974361252219341,12122525,1385428,662496,51897488
thr030_common,aef_width,3,width_k3_seed44_current_tta,0.7460625854136447,0.9530849421365831,0.8521589003710971,0.8894695057759405,12185211,1514203,599810,51897488
thr030_common,aef_width,4,width_k4_seed42_current_tta,0.7384498284106759,0.9483686417097007,0.8550625744570913,0.8968105047625972,12124913,1395126,660108,51897488
thr030_common,aef_width,4,width_k4_seed43_current_tta,0.7401988391018375,0.9476158858088696,0.8533258983409177,0.8955715983357772,12115289,1412707,669732,51897488
thr030_common,aef_width,4,width_k4_seed44_current_tta,0.7430797355674461,0.9528922166025382,0.8526504345472044,0.8901731624790833,12182747,1503070,602274,51897488
thr030_common,aef_width,8,width_k8_seed42_current_tta,0.7423826311660693,0.9515784917365407,0.8508469619060167,0.8893521183347484,12165951,1513615,619070,51897488
thr030_common,aef_width,8,width_k8_seed43_current_tta,0.7412587767510163,0.9518447408103593,0.8512183174543908,0.8895252015407656,12169355,1511376,615666,51897488
thr030_common,aef_width,8,width_k8_seed44_current_tta,0.7441074676328028,0.9498826791133155,0.8518694168773437,0.8919594114608947,12144270,1471002,640751,51897488
thr030_common,aef_width,16,width_k16_seed42_current_tta,0.741053961912172,0.9503661354955929,0.851253611826087,0.8908590766775372,12150451,1488576,634570,51897488
thr030_common,aef_width,16,width_k16_seed43_current_tta,0.7392318183356473,0.9509400884050171,0.8499433209815135,0.8889220101801543,12157789,1519214,627232,51897488
thr030_common,aef_width,16,width_k16_seed44_current_tta,0.7417718477734487,0.9504226078314615,0.8499561597861255,0.8893887283386132,12151173,1511214,633848,51897488
thr030_common,training_tiles,1000,train1000_k16_seed42_current_tta,0.6703315724863136,0.9041615183893714,0.8186386083151307,0.8964243060552504,11559724,1335647,1225297,51897488
thr030_common,training_tiles,1000,train1000_k16_seed43_current_tta,0.6740859146610004,0.9063757501845323,0.8214549266526772,0.897620089653308,11588033,1321697,1196988,51897488
thr030_common,training_tiles,1000,train1000_k16_seed44_current_tta,0.6537952116895023,0.8862140312479737,0.8088729935617929,0.9026146933153505,11330265,1222450,1454756,51897488
thr030_common,training_tiles,2000,train2000_k16_seed42_current_tta,0.7410401965015018,0.9473318033658295,0.8523344364545993,0.8947328645899589,12111657,1424961,673364,51897488
thr030_common,training_tiles,2000,train2000_k16_seed43_current_tta,0.7395075304748078,0.9504315245160724,0.850370456318542,0.8898345522409373,12151287,1504383,633734,51897488
thr030_common,training_tiles,2000,train2000_k16_seed44_current_tta,0.7409403389749345,0.9544638995899968,0.8493389018433184,0.8852081909410895,12202841,1582437,582180,51897488
thr030_common,training_tiles,3000,train3000_k16_seed42_current_tta,0.7419838716522469,0.9491885856112399,0.8502300800955758,0.8907727324242732,12135396,1488052,649625,51897488
thr030_common,training_tiles,3000,train3000_k16_seed43_current_tta,0.739204508267078,0.9525524439889461,0.8472561406818857,0.8845880986960784,12178403,1588912,606618,51897488
thr030_common,training_tiles,3000,train3000_k16_seed44_current_tta,0.7435631460789623,0.9523658193443718,0.8493266256898764,0.887007133855644,12176017,1551062,609004,51897488
thr030_common,training_tiles,4222,width_k16_seed42_current_tta,0.741053961912172,0.9503661354955929,0.851253611826087,0.8908590766775372,12150451,1488576,634570,51897488
thr030_common,training_tiles,4222,width_k16_seed43_current_tta,0.7392318183356473,0.9509400884050171,0.8499433209815135,0.8889220101801543,12157789,1519214,627232,51897488
thr030_common,training_tiles,4222,width_k16_seed44_current_tta,0.7417718477734487,0.9504226078314615,0.8499561597861255,0.8893887283386132,12151173,1511214,633848,51897488
